player,balls_Faced,dots,singles,doubles,triples,fours,sixes,wickets,dot_prob,sing_prob,doub_prob,trip_prob,four_prob,six_prob,wkt_prob,dots_conc,singles_conc,doubles_conc,triples_conc,fours_conc,sixes_conc,wickets_conc,balls_bowled,dot_conc_prob,sing_conc_prob,doub_conc_prob,trip_conc_prob,four_conc_prob,six_conc_prob,wkt_conc_prob,Present_league
Akhila Dhananjaya,5,2,2,1,0,0,0,0,0.4,0.4,0.2,0,0,0,0,6,11,2,0,2,4,0,25,0.24,0.44,0.08,0,0.08,0.16,0,222
Andrew Flintoff,53,18,23,2,1,5,2,2,0.339622642,0.433962264,0.037735849,0.018867925,0.094339623,0.037735849,0.037735849,0,0,0,0,0,0,0,0,0,0,0,0,0,0,0,222
Alex Hales,118,41,44,8,0,13,6,6,0.347457627,0.372881356,0.06779661,0,0.110169492,0.050847458,0.050847458,0,0,0,0,0,0,0,0,0,0,0,0,0,0,0,23
Alzari Joseph,13,6,3,2,0,2,0,0,0.461538462,0.230769231,0.153846154,0,0.153846154,0,0,0,0,0,0,0,0,0,0,0,0,0,0,0,0,0,222
Anil kumble,47,19,21,1,0,3,0,3,0.404255319,0.446808511,0.021276596,0,0.063829787,0,0.063829787,329,411,62,3,71,35,45,956,0.344142259,0.429916318,0.064853556,0.003138075,0.074267782,0.036610879,0.04707113,222
Amit Mishra,389,130,172,22,0,29,5,31,0.334190231,0.442159383,0.05655527,0,0.074550129,0.01285347,0.079691517,952,1395,241,6,216,169,156,3135,0.303668262,0.444976077,0.076874003,0.001913876,0.068899522,0.053907496,0.049760766,28
Abhimanyu Mithun,26,6,8,2,0,4,1,5,0.230769231,0.307692308,0.076923077,0,0.153846154,0.038461538,0.192307692,83,133,20,1,41,20,7,305,0.272131148,0.436065574,0.06557377,0.003278689,0.13442623,0.06557377,0.02295082,222
Abhinav Mukund,22,6,11,2,0,1,0,2,0.272727273,0.5,0.090909091,0,0.045454545,0,0.090909091,0,0,0,0,0,0,0,0,0,0,0,0,0,0,0,222
Aashish Nehra,62,29,21,1,0,3,1,7,0.467741935,0.338709677,0.016129032,0,0.048387097,0.016129032,0.112903226,692,675,107,7,277,75,106,1939,0.356884992,0.348117586,0.055183084,0.003610108,0.142857143,0.038679732,0.054667354,222
Andrew Symonds,750,250,288,66,4,74,41,27,0.333333333,0.384,0.088,0.005333333,0.098666667,0.054666667,0.036,170,218,37,1,44,33,20,523,0.325047801,0.416826004,0.070745698,0.001912046,0.084130019,0.063097514,0.038240918,222
Ashton Turner,10,4,3,0,0,0,0,3,0.4,0.3,0,0,0,0,0.3,0,0,0,0,0,0,0,0,0,0,0,0,0,0,0,222
Adam Zampa,8,4,1,0,0,1,0,2,0.5,0.125,0,0,0.125,0,0.25,51,109,16,0,12,14,19,221,0.230769231,0.49321267,0.07239819,0,0.054298643,0.063348416,0.085972851,10
Ajit Agarkar,154,44,67,15,0,13,5,10,0.285714286,0.435064935,0.097402597,0,0.084415584,0.032467532,0.064935065,225,341,47,4,113,40,29,799,0.281602003,0.426783479,0.058823529,0.005006258,0.141426783,0.050062578,0.036295369,222
Ab de Villiers,2907,783,1210,220,15,357,212,110,0.269349845,0.41623667,0.075679395,0.005159959,0.122807018,0.072927417,0.037839697,0,0,0,0,0,0,0,0,0,0,0,0,0,0,0,2
Ashok Dinda,48,19,16,1,0,2,0,10,0.395833333,0.333333333,0.020833333,0,0.041666667,0,0.208333333,558,536,102,6,230,56,69,1557,0.358381503,0.344251766,0.065510597,0.003853565,0.147719974,0.035966602,0.044315992,222
Abdur Razzak,2,2,0,0,0,0,0,0,1,0,0,0,0,0,0,5,3,1,0,2,1,0,12,0.416666667,0.25,0.083333333,0,0.166666667,0.083333333,0,222
Aiden Blizzard,90,40,17,2,1,21,2,7,0.444444444,0.188888889,0.022222222,0.011111111,0.233333333,0.022222222,0.077777778,0,0,0,0,0,0,0,0,0,0,0,0,0,0,0,222
Adam Gilchrist,1495,601,417,66,4,239,92,76,0.402006689,0.278929766,0.044147157,0.002675585,0.159866221,0.061538462,0.05083612,0,0,0,0,0,0,1,1,0,0,0,0,0,0,1,222
Adam Voges,143,40,61,18,2,15,3,4,0.27972028,0.426573427,0.125874126,0.013986014,0.104895105,0.020979021,0.027972028,15,30,1,0,8,2,0,56,0.267857143,0.535714286,0.017857143,0,0.142857143,0.035714286,0,222
Angelo Mathews,575,152,267,49,3,44,29,31,0.264347826,0.464347826,0.085217391,0.005217391,0.076521739,0.050434783,0.053913043,197,379,62,0,98,29,27,792,0.248737374,0.478535354,0.078282828,0,0.123737374,0.036616162,0.034090909,11
Andre Russell,752,229,234,31,0,96,120,42,0.304521277,0.311170213,0.041223404,0,0.127659574,0.159574468,0.055851064,307,406,66,4,153,61,55,1052,0.291825095,0.385931559,0.062737643,0.003802281,0.145437262,0.057984791,0.052281369,4
Adam Milne,12,4,5,1,0,0,0,2,0.333333333,0.416666667,0.083333333,0,0,0,0.166666667,28,44,7,0,21,5,4,109,0.256880734,0.403669725,0.064220183,0,0.19266055,0.04587156,0.036697248,222
Aaron Finch,1329,477,456,83,3,176,67,67,0.358916479,0.343115124,0.062452972,0.002257336,0.132430399,0.050413845,0.050413845,12,19,4,0,4,4,1,44,0.272727273,0.431818182,0.090909091,0,0.090909091,0.090909091,0.022727273,19
Andrew Tye,70,23,22,6,1,6,4,8,0.328571429,0.314285714,0.085714286,0.014285714,0.085714286,0.057142857,0.114285714,143,278,44,1,73,26,39,604,0.236754967,0.460264901,0.072847682,0.001655629,0.120860927,0.043046358,0.064569536,18
Abhishek Nayar.,576,185,230,47,1,55,20,38,0.321180556,0.399305556,0.081597222,0.001736111,0.095486111,0.034722222,0.065972222,60,112,22,0,22,13,9,238,0.25210084,0.470588235,0.092436975,0,0.092436975,0.054621849,0.037815126,222
Ajinkya Rahane,3136,1023,1289,214,15,405,74,116,0.326211735,0.411033163,0.068239796,0.004783163,0.129145408,0.023596939,0.036989796,1,3,1,0,0,0,1,6,0.166666667,0.5,0.166666667,0,0,0,0.166666667,10
Anirudh Singh,66,27,23,5,0,6,1,4,0.409090909,0.348484848,0.075757576,0,0.090909091,0.015151515,0.060606061,0,0,0,0,0,0,0,0,0,0,0,0,0,0,0,222
Ankit Sharma,109,27,43,9,0,11,9,10,0.247706422,0.394495413,0.082568807,0,0.100917431,0.082568807,0.091743119,125,169,25,4,29,19,13,384,0.325520833,0.440104167,0.065104167,0.010416667,0.075520833,0.049479167,0.033854167,222
Ankit Soni,9,5,1,0,0,0,1,2,0.555555556,0.111111111,0,0,0,0.111111111,0.222222222,35,48,11,0,8,7,2,111,0.315315315,0.432432432,0.099099099,0,0.072072072,0.063063063,0.018018018,222
Anureet Singh,47,18,22,0,0,2,1,4,0.382978723,0.468085106,0,0,0.042553191,0.021276596,0.085106383,121,158,29,3,64,22,18,415,0.291566265,0.380722892,0.069879518,0.007228916,0.154216867,0.053012048,0.043373494,222
Aditya Tare,273,106,72,19,1,40,11,24,0.388278388,0.263736264,0.06959707,0.003663004,0.146520147,0.04029304,0.087912088,0,0,0,0,0,0,0,0,0,0,0,0,0,0,0,97
Axar Patel,630,155,304,47,0,47,35,42,0.246031746,0.482539683,0.074603175,0,0.074603175,0.055555556,0.066666667,489,811,109,3,138,89,71,1710,0.285964912,0.474269006,0.06374269,0.001754386,0.080701754,0.052046784,0.041520468,6
Ankit Rajpoot,31,17,7,1,0,2,0,4,0.548387097,0.225806452,0.032258065,0,0.064516129,0,0.129032258,139,156,23,3,71,18,22,432,0.321759259,0.361111111,0.053240741,0.006944444,0.164351852,0.041666667,0.050925926,222
Ambati Rayudu,2620,795,1157,154,1,278,120,115,0.303435115,0.441603053,0.058778626,0.000381679,0.10610687,0.045801527,0.04389313,0,0,0,0,0,0,0,0,0,0,0,0,0,0,0,2
Avesh Khan,3,2,0,0,0,1,0,0,0.666666667,0,0,0,0.333333333,0,0,56,53,4,0,22,18,5,158,0.35443038,0.335443038,0.025316456,0,0.139240506,0.113924051,0.03164557,222
Azhar Mahmood,303,97,116,19,0,39,13,19,0.320132013,0.382838284,0.062706271,0,0.128712871,0.04290429,0.062706271,170,219,33,1,71,18,29,541,0.314232902,0.404805915,0.060998152,0.001848429,0.131238447,0.033271719,0.053604436,222
Balachandra Akhil,55,18,16,5,0,5,5,6,0.327272727,0.290909091,0.090909091,0,0.090909091,0.090909091,0.109090909,54,88,14,0,18,9,6,189,0.285714286,0.465608466,0.074074074,0,0.095238095,0.047619048,0.031746032,222
Bharat Chipli,251,90,100,7,4,28,7,15,0.358565737,0.398406375,0.027888446,0.015936255,0.111553785,0.027888446,0.059760956,1,0,2,0,1,2,0,6,0.166666667,0,0.333333333,0,0.166666667,0.333333333,0,222
Bhuvneshwar Kumar,192,65,69,14,0,17,3,24,0.338541667,0.359375,0.072916667,0,0.088541667,0.015625,0.125,983,918,179,11,322,87,133,2633,0.373338397,0.348651728,0.067983289,0.004177744,0.122293961,0.033042157,0.050512723,6
Ben Laughlin,13,6,5,0,0,0,0,2,0.461538462,0.384615385,0,0,0,0,0.153846154,32,80,19,0,26,10,10,177,0.18079096,0.451977401,0.107344633,0,0.146892655,0.056497175,0.056497175,222
Brett Lee,97,31,36,4,0,8,8,10,0.319587629,0.371134021,0.041237113,0,0.082474227,0.082474227,0.103092784,349,296,67,2,121,25,25,885,0.394350282,0.334463277,0.075706215,0.002259887,0.136723164,0.028248588,0.028248588,222
Billy Stanlake,2,0,1,0,0,1,0,0,0,0.5,0,0,0.5,0,0,57,49,6,3,19,9,7,150,0.38,0.326666667,0.04,0.02,0.126666667,0.06,0.046666667,45
Bodapati Sumanth,37,13,17,3,0,3,0,1,0.351351351,0.459459459,0.081081081,0,0.081081081,0,0.027027027,0,0,0,0,0,0,0,0,0,0,0,0,0,0,0,222
Bhargav Bhatt,7,5,0,0,0,0,1,1,0.714285714,0,0,0,0,0.142857143,0.142857143,81,137,18,2,35,13,12,298,0.271812081,0.459731544,0.060402685,0.006711409,0.117449664,0.043624161,0.040268456,222
Ben Stokes,481,119,221,43,2,43,25,28,0.247401247,0.459459459,0.089397089,0.004158004,0.089397089,0.051975052,0.058212058,181,236,45,2,86,22,26,598,0.302675585,0.394648829,0.075250836,0.003344482,0.143812709,0.036789298,0.043478261,28
Basil Thampi,35,13,16,3,0,1,1,1,0.371428571,0.457142857,0.085714286,0,0.028571429,0.028571429,0.028571429,93,180,28,0,58,30,16,405,0.22962963,0.444444444,0.069135802,0,0.143209877,0.074074074,0.039506173,222
Ajantha Mendis,6,1,3,0,0,0,0,2,0.166666667,0.5,0,0,0,0,0.333333333,68,121,16,1,16,10,8,240,0.283333333,0.504166667,0.066666667,0.004166667,0.066666667,0.041666667,0.033333333,222
Brendon McCullum,2186,840,713,103,3,293,130,104,0.384263495,0.326166514,0.047118024,0.00137237,0.134034767,0.05946935,0.04757548,0,0,0,0,0,0,0,0,0,0,0,0,0,0,0,222
Biplab Samantray,113,40,45,8,0,13,2,5,0.353982301,0.398230088,0.07079646,0,0.115044248,0.017699115,0.044247788,0,0,0,0,0,0,0,0,0,0,0,0,0,0,0,222
Barinder Sran,14,4,8,1,0,0,0,1,0.285714286,0.571428571,0.071428571,0,0,0,0.071428571,150,197,37,3,72,29,18,506,0.296442688,0.389328063,0.07312253,0.005928854,0.14229249,0.057312253,0.035573123,222
Ben Cutting,141,42,44,10,0,15,19,11,0.29787234,0.312056738,0.070921986,0,0.106382979,0.134751773,0.078014184,67,139,12,0,44,15,10,287,0.233449477,0.484320557,0.041811847,0,0.153310105,0.052264808,0.034843206,97
Beuran Hendricks,3,1,1,0,0,0,0,1,0.333333333,0.333333333,0,0,0,0,0.333333333,43,52,14,4,24,7,9,153,0.281045752,0.339869281,0.091503268,0.026143791,0.156862745,0.045751634,0.058823529,222
Bipul Sharma,123,25,51,19,0,11,9,8,0.203252033,0.414634146,0.154471545,0,0.089430894,0.073170732,0.06504065,114,207,28,2,28,31,17,427,0.266978923,0.484777518,0.06557377,0.004683841,0.06557377,0.072599532,0.039812646,222
Brad Haddin,11,4,2,1,0,2,1,1,0.363636364,0.181818182,0.090909091,0,0.181818182,0.090909091,0.090909091,0,0,0,0,0,0,0,0,0,0,0,0,0,0,0,222
Brad Hodge,1118,362,452,89,8,122,43,42,0.323792487,0.404293381,0.07960644,0.007155635,0.109123435,0.038461538,0.037567084,58,108,19,0,17,14,17,233,0.248927039,0.463519313,0.081545064,0,0.072961373,0.060085837,0.072961373,222
Ben Rohrer,140,45,48,14,1,21,5,6,0.321428571,0.342857143,0.1,0.007142857,0.15,0.035714286,0.042857143,1,4,0,0,2,0,0,7,0.142857143,0.571428571,0,0,0.285714286,0,0,222
Jeevan Mendis,27,5,15,4,0,0,0,3,0.185185185,0.555555556,0.148148148,0,0,0,0.111111111,10,14,1,0,2,2,1,30,0.333333333,0.466666667,0.033333333,0,0.066666667,0.066666667,0.033333333,222
Ben Dunk,35,16,6,3,0,7,0,3,0.457142857,0.171428571,0.085714286,0,0.2,0,0.085714286,0,0,0,0,0,0,0,0,0,0,0,0,0,0,0,222
Colin De Grandhomme,225,67,91,16,0,18,18,15,0.297777778,0.404444444,0.071111111,0,0.08,0.08,0.066666667,52,117,15,0,22,12,6,224,0.232142857,0.522321429,0.066964286,0,0.098214286,0.053571429,0.026785714,222
Colin Ingram,180,63,69,9,0,22,5,12,0.35,0.383333333,0.05,0,0.122222222,0.027777778,0.066666667,0,0,0,0,0,0,0,0,0,0,0,0,0,0,0,222
Colin Munro,141,53,45,4,0,19,8,12,0.375886525,0.319148936,0.028368794,0,0.134751773,0.056737589,0.085106383,5,5,0,0,1,1,0,12,0.416666667,0.416666667,0,0,0.083333333,0.083333333,0,222
Chris Lynn,911,336,302,44,0,128,63,38,0.368825467,0.331503842,0.048298573,0,0.14050494,0.069154775,0.041712404,0,0,0,0,0,0,0,0,0,0,0,0,0,0,0,23
Chris Gayle,2970,1200,884,80,3,369,326,108,0.404040404,0.297643098,0.026936027,0.001010101,0.124242424,0.10976431,0.036363636,162,264,35,4,49,27,18,559,0.28980322,0.472271914,0.062611807,0.007155635,0.08765653,0.048300537,0.032200358,97
Chris Morris,328,73,138,33,1,37,27,19,0.222560976,0.420731707,0.100609756,0.00304878,0.112804878,0.082317073,0.057926829,425,482,86,10,168,56,69,1296,0.327932099,0.37191358,0.066358025,0.007716049,0.12962963,0.043209877,0.053240741,19
Corey Anderson,423,165,139,25,1,40,31,22,0.390070922,0.328605201,0.059101655,0.002364066,0.094562648,0.073286052,0.052009456,68,136,18,0,52,23,11,308,0.220779221,0.441558442,0.058441558,0,0.168831169,0.074675325,0.035714286,11
Chris Jordan,5,1,1,1,0,0,0,2,0.2,0.2,0.2,0,0,0,0.4,49,91,17,0,24,12,12,205,0.23902439,0.443902439,0.082926829,0,0.117073171,0.058536585,0.058536585,222
Clint Mckay,15,7,6,1,0,0,0,1,0.466666667,0.4,0.066666667,0,0,0,0.066666667,13,17,1,1,8,1,1,42,0.30952381,0.404761905,0.023809524,0.023809524,0.19047619,0.023809524,0.023809524,222
Cameron White,755,224,334,47,2,76,36,36,0.296688742,0.442384106,0.062251656,0.002649007,0.100662252,0.047682119,0.047682119,7,24,3,0,5,6,1,46,0.152173913,0.52173913,0.065217391,0,0.108695652,0.130434783,0.02173913,222
Carlos Brathwaite,111,31,37,4,0,10,16,13,0.279279279,0.333333333,0.036036036,0,0.09009009,0.144144144,0.117117117,61,123,14,1,37,12,13,261,0.233716475,0.471264368,0.053639847,0.003831418,0.141762452,0.045977011,0.049808429,5
Chris Woakes,66,25,25,3,0,5,2,6,0.378787879,0.378787879,0.045454545,0,0.075757576,0.03030303,0.090909091,106,152,21,0,58,25,25,387,0.273901809,0.392764858,0.054263566,0,0.149870801,0.064599483,0.064599483,222
Dhruv Shorey,17,7,7,0,0,0,1,2,0.411764706,0.411764706,0,0,0,0.058823529,0.117647059,0,0,0,0,0,0,0,0,0,0,0,0,0,0,0,222
D'arcy Short,99,38,35,3,0,11,5,7,0.383838384,0.353535354,0.03030303,0,0.111111111,0.050505051,0.070707071,6,7,1,0,1,1,1,17,0.352941176,0.411764706,0.058823529,0,0.058823529,0.058823529,0.058823529,5
David Wiese,90,21,43,6,0,12,4,4,0.233333333,0.477777778,0.066666667,0,0.133333333,0.044444444,0.044444444,63,135,17,1,44,9,16,285,0.221052632,0.473684211,0.059649123,0.003508772,0.154385965,0.031578947,0.056140351,222
David Miller,1334,369,570,126,1,127,87,54,0.276611694,0.427286357,0.094452774,0.000749625,0.095202399,0.065217391,0.04047976,0,0,0,0,0,0,0,0,0,0,0,0,0,0,0,5
David Warner,3304,1077,1192,270,17,458,181,109,0.325968523,0.360774818,0.081719128,0.005145278,0.138619855,0.054782082,0.032990315,0,0,0,0,0,0,0,0,0,0,0,0,0,0,0,45
Doug Bollinger,23,10,9,1,0,1,1,1,0.434782609,0.391304348,0.043478261,0,0.043478261,0.043478261,0.043478261,0,0,0,0,0,0,0,0,0,0,0,0,0,0,0,222
Dwayne Bravo,1156,376,430,104,5,116,61,64,0.325259516,0.371972318,0.089965398,0.00432526,0.100346021,0.052768166,0.055363322,678,1184,219,6,289,133,147,2656,0.255271084,0.445783133,0.082454819,0.002259036,0.108810241,0.050075301,0.055346386,27
Deepak Hooda,413,97,188,41,1,27,24,35,0.234866828,0.455205811,0.099273608,0.002421308,0.065375303,0.05811138,0.084745763,53,121,16,0,22,12,6,230,0.230434783,0.526086957,0.069565217,0,0.095652174,0.052173913,0.026086957,45
David Hussey,1075,350,452,72,2,90,60,49,0.325581395,0.420465116,0.066976744,0.001860465,0.08372093,0.055813953,0.045581395,78,149,26,1,30,25,8,317,0.246056782,0.470031546,0.082018927,0.003154574,0.094637224,0.078864353,0.025236593,222
Darren Sammy,241,83,94,15,1,15,18,15,0.34439834,0.390041494,0.062240664,0.004149378,0.062240664,0.074688797,0.062240664,61,103,20,1,33,12,11,241,0.253112033,0.427385892,0.082987552,0.004149378,0.136929461,0.049792531,0.045643154,222
Deepak Chahar,44,7,19,4,0,2,6,6,0.159090909,0.431818182,0.090909091,0,0.045454545,0.136363636,0.136363636,295,221,36,4,104,24,33,717,0.411436541,0.308228731,0.050209205,0.005578801,0.145048815,0.033472803,0.046025105,4
Daniel Vettori,113,33,54,4,1,11,2,8,0.292035398,0.477876106,0.03539823,0.008849558,0.097345133,0.017699115,0.07079646,242,355,54,1,67,24,28,771,0.31387808,0.460440986,0.070038911,0.001297017,0.08690013,0.031128405,0.036316472,222
Darren Bravo,5,2,2,0,0,1,0,0,0.4,0.4,0,0,0.2,0,0,0,0,0,0,0,0,0,0,0,0,0,0,0,0,0,222
Dwayne Smith,1763,709,521,84,3,245,117,84,0.402155417,0.295519002,0.047646058,0.001701645,0.138967669,0.066364152,0.047646058,142,232,37,0,74,33,26,544,0.261029412,0.426470588,0.068014706,0,0.136029412,0.060661765,0.047794118,222
Dhawal Kulkarni,106,36,44,7,1,7,2,9,0.339622642,0.41509434,0.066037736,0.009433962,0.066037736,0.018867925,0.08490566,643,614,107,10,266,77,86,1803,0.356627842,0.340543539,0.059345535,0.005546312,0.147531891,0.0427066,0.047698281,10
Daniel Christian,374,97,180,29,2,22,19,25,0.259358289,0.481283422,0.077540107,0.005347594,0.058823529,0.050802139,0.06684492,234,340,67,2,87,34,34,798,0.293233083,0.426065163,0.0839599,0.002506266,0.109022556,0.042606516,0.042606516,222
Dale Steyn,158,46,54,19,0,14,3,22,0.291139241,0.341772152,0.120253165,0,0.088607595,0.018987342,0.139240506,900,701,125,15,268,47,96,2152,0.418215613,0.325743494,0.058085502,0.00697026,0.124535316,0.021840149,0.044609665,6
Evin Lewis,328,136,100,12,2,36,26,16,0.414634146,0.304878049,0.036585366,0.006097561,0.109756098,0.079268293,0.048780488,0,0,0,0,0,0,0,0,0,0,0,0,0,0,0,97
Eoin Morgan,705,252,255,49,3,72,34,40,0.357446809,0.361702128,0.069503546,0.004255319,0.10212766,0.04822695,0.056737589,0,0,0,0,0,0,0,0,0,0,0,0,0,0,0,6
Eklavya Dwivedi,14,4,4,0,0,2,2,2,0.285714286,0.285714286,0,0,0.142857143,0.142857143,0.142857143,0,0,0,0,0,0,0,0,0,0,0,0,0,0,0,222
Farhaan Behardien,13,3,6,0,0,2,0,2,0.230769231,0.461538462,0,0,0.153846154,0,0.153846154,0,0,0,0,0,0,0,0,0,0,0,0,0,0,0,222
Faf du Plessis,1460,450,630,90,9,163,59,59,0.308219178,0.431506849,0.061643836,0.006164384,0.111643836,0.040410959,0.040410959,0,4,0,0,0,2,0,6,0,0.666666667,0,0,0,0.333333333,0,28
Fidel Edwards,5,2,1,0,1,0,0,1,0.4,0.2,0,0.2,0,0,0.2,65,45,8,0,19,2,5,144,0.451388889,0.3125,0.055555556,0,0.131944444,0.013888889,0.034722222,222
Faiz Fazal,173,58,75,7,0,22,1,10,0.335260116,0.433526012,0.040462428,0,0.12716763,0.005780347,0.057803468,1,8,1,0,1,1,0,12,0.083333333,0.666666667,0.083333333,0,0.083333333,0.083333333,0,222
Gautam Gambhir,3404,1101,1352,249,15,492,59,136,0.323443008,0.397179788,0.073149236,0.00440658,0.14453584,0.01733255,0.039952996,0,0,0,0,0,0,0,0,0,0,0,0,0,0,0,222
Brad Hogg,22,2,14,2,0,1,0,3,0.090909091,0.636363636,0.090909091,0,0.045454545,0,0.136363636,136,196,34,3,39,21,23,452,0.300884956,0.433628319,0.075221239,0.006637168,0.086283186,0.046460177,0.050884956,222
Graeme Smith,668,271,228,39,1,94,9,26,0.405688623,0.341317365,0.058383234,0.001497006,0.140718563,0.013473054,0.038922156,0,0,0,0,0,0,0,0,0,0,0,0,0,0,0,222
Glenn McGrath,5,3,0,0,0,1,0,1,0.6,0,0,0,0.2,0,0.2,141,103,11,1,41,10,12,319,0.44200627,0.322884013,0.034482759,0.003134796,0.128526646,0.031347962,0.037617555,222
Hanuma Vihari,321,116,137,23,1,23,1,20,0.361370717,0.426791277,0.07165109,0.003115265,0.07165109,0.003115265,0.062305296,16,17,2,0,5,1,1,42,0.380952381,0.404761905,0.047619048,0,0.119047619,0.023809524,0.023809524,222
George Bailey,544,172,222,44,1,59,19,27,0.316176471,0.408088235,0.080882353,0.001838235,0.108455882,0.034926471,0.049632353,0,0,0,0,0,0,0,0,0,0,0,0,0,0,0,222
Glenn Maxwell,867,260,280,64,1,110,91,61,0.29988466,0.32295271,0.073817762,0.001153403,0.126874279,0.104959631,0.070357555,111,197,33,0,39,32,16,428,0.259345794,0.460280374,0.077102804,0,0.091121495,0.074766355,0.037383178,23
Graham Napier,16,6,5,3,0,1,0,1,0.375,0.3125,0.1875,0,0.0625,0,0.0625,7,11,1,0,2,1,1,23,0.304347826,0.47826087,0.043478261,0,0.086956522,0.043478261,0.043478261,222
Gurkeerat Singh,342,94,146,20,0,47,11,24,0.274853801,0.426900585,0.058479532,0,0.137426901,0.032163743,0.070175439,21,40,6,1,6,3,5,82,0.256097561,0.487804878,0.073170732,0.012195122,0.073170732,0.036585366,0.06097561,23
Harpreet Brar,12,3,6,0,0,2,1,0,0.25,0.5,0,0,0.166666667,0.083333333,0,7,16,1,0,3,3,0,30,0.233333333,0.533333333,0.033333333,0,0.1,0.1,0,222
Halhadar Das,5,2,2,0,0,0,0,1,0.4,0.4,0,0,0,0,0.2,0,0,0,0,0,0,0,0,0,0,0,0,0,0,0,222
Harry Gurney,5,4,1,0,0,0,0,0,0.8,0.2,0,0,0,0,0,43,72,16,0,23,7,7,168,0.255952381,0.428571429,0.095238095,0,0.136904762,0.041666667,0.041666667,222
Heinrich Klaasen,57,14,24,8,0,5,1,5,0.245614035,0.421052632,0.140350877,0,0.087719298,0.01754386,0.087719298,0,0,0,0,0,0,0,0,0,0,0,0,0,0,0,222
Hardus Viljoen,7,3,1,1,0,0,0,2,0.428571429,0.142857143,0.142857143,0,0,0,0.285714286,36,54,12,1,25,6,7,141,0.255319149,0.382978723,0.085106383,0.007092199,0.177304965,0.042553191,0.04964539,28
Harbhajan Singh,600,197,193,34,0,79,42,55,0.328333333,0.321666667,0.056666667,0,0.131666667,0.07,0.091666667,1094,1519,190,15,289,142,150,3399,0.32185937,0.446896146,0.055898794,0.004413063,0.085025007,0.041776993,0.044130627,45
Harmeet Singh,12,1,2,2,0,3,0,4,0.083333333,0.166666667,0.166666667,0,0.25,0,0.333333333,163,218,42,0,65,20,26,534,0.305243446,0.4082397,0.078651685,0,0.121722846,0.037453184,0.048689139,222
Harpreet Singh,26,6,16,2,0,0,0,2,0.230769231,0.615384615,0.076923077,0,0,0,0.076923077,0,0,0,0,0,0,0,0,0,0,0,0,0,0,0,222
Herschelle Gibbs,806,348,264,45,3,83,31,32,0.431761787,0.327543424,0.055831266,0.003722084,0.102977667,0.038461538,0.039702233,0,0,0,0,0,0,0,0,0,0,0,0,0,0,0,222
Hardik Pandya,689,192,276,41,3,72,68,37,0.278664731,0.400580552,0.059506531,0.004354136,0.104499274,0.098693759,0.053701016,245,377,55,2,115,58,42,894,0.274049217,0.421700224,0.061521253,0.002237136,0.128635347,0.064876957,0.046979866,11
Hashim Amla,407,126,164,22,1,60,21,13,0.30958231,0.402948403,0.054054054,0.002457002,0.147420147,0.051597052,0.031941032,0,0,0,0,0,0,0,0,0,0,0,0,0,0,0,222
Harshal Patel,69,8,35,3,0,3,9,11,0.115942029,0.507246377,0.043478261,0,0.043478261,0.130434783,0.15942029,245,331,62,1,115,47,43,844,0.29028436,0.392180095,0.073459716,0.001184834,0.136255924,0.055687204,0.050947867,10
Ishant Sharma,61,25,21,3,0,4,2,6,0.409836066,0.344262295,0.049180328,0,0.06557377,0.032786885,0.098360656,743,603,128,13,301,72,71,1931,0.384774728,0.312273433,0.066286898,0.006732263,0.155877784,0.03728638,0.036768514,11
Ish Sodhi,17,8,7,0,0,0,0,2,0.470588235,0.411764706,0,0,0,0,0.117647059,56,81,17,1,9,8,9,181,0.309392265,0.447513812,0.093922652,0.005524862,0.049723757,0.044198895,0.049723757,222
Irfan Pathan,945,284,406,76,2,87,37,53,0.300529101,0.42962963,0.08042328,0.002116402,0.092063492,0.039153439,0.056084656,755,731,116,4,293,82,80,2061,0.366327026,0.354682193,0.056283358,0.001940805,0.142163998,0.039786511,0.038816109,222
Imran Tahir,27,13,6,1,0,3,0,4,0.481481481,0.222222222,0.037037037,0,0.111111111,0,0.148148148,327,567,84,3,94,79,79,1233,0.265206813,0.459854015,0.068126521,0.00243309,0.076236821,0.064071371,0.064071371,11
Iqbal Abdulla,84,32,34,6,0,9,1,2,0.380952381,0.404761905,0.071428571,0,0.107142857,0.011904762,0.023809524,291,416,51,4,88,37,40,927,0.313915858,0.448759439,0.055016181,0.004314995,0.094929881,0.0399137,0.043149946,222
Ishan Kishan,531,192,181,27,0,64,34,33,0.361581921,0.34086629,0.050847458,0,0.120527307,0.064030132,0.062146893,0,0,0,0,0,0,0,0,0,0,0,0,0,0,0,4
Jofra Archer,61,15,24,5,0,6,4,7,0.245901639,0.393442623,0.081967213,0,0.098360656,0.06557377,0.114754098,181,181,32,2,54,26,26,502,0.360557769,0.360557769,0.06374502,0.003984064,0.107569721,0.051792829,0.051792829,23
Jonny Bairstow,284,86,103,18,2,49,18,8,0.302816901,0.362676056,0.063380282,0.007042254,0.172535211,0.063380282,0.028169014,0,0,0,0,0,0,0,0,0,0,0,0,0,0,0,27
Johan Botha,359,113,143,37,2,39,5,20,0.314763231,0.398328691,0.103064067,0.005571031,0.108635097,0.013927577,0.055710306,229,308,43,4,60,24,25,693,0.33044733,0.444444444,0.062049062,0.005772006,0.086580087,0.034632035,0.036075036,222
Joe Denly,1,0,0,0,0,0,0,1,0,0,0,0,0,0,1,0,0,0,0,0,0,0,0,0,0,0,0,0,0,0,222
Jagadeesha Suchith,47,18,16,5,0,4,2,2,0.382978723,0.340425532,0.106382979,0,0.085106383,0.042553191,0.042553191,69,122,24,2,31,16,12,276,0.25,0.442028986,0.086956522,0.007246377,0.112318841,0.057971014,0.043478261,222
Jayant Yadav,10,2,6,0,0,0,0,2,0.2,0.6,0,0,0,0,0.2,84,94,16,0,18,8,5,225,0.373333333,0.417777778,0.071111111,0,0.08,0.035555556,0.022222222,23
Jos Butler,919,292,321,64,2,140,61,39,0.31773667,0.349292709,0.069640914,0.002176279,0.152339499,0.066376496,0.042437432,0,0,0,0,0,0,0,0,0,0,0,0,0,0,0,10
Jesse Ryder,458,164,145,30,3,69,19,28,0.358078603,0.316593886,0.065502183,0.006550218,0.150655022,0.041484716,0.061135371,71,105,18,0,21,13,8,236,0.300847458,0.444915254,0.076271186,0,0.088983051,0.055084746,0.033898305,222
Jaydev Unadkat,54,16,25,0,0,6,1,6,0.296296296,0.462962963,0,0,0.111111111,0.018518519,0.111111111,429,617,102,9,191,95,77,1520,0.282236842,0.405921053,0.067105263,0.005921053,0.125657895,0.0625,0.050657895,5
Jacob Oram,108,40,46,3,0,6,5,8,0.37037037,0.425925926,0.027777778,0,0.055555556,0.046296296,0.074074074,70,95,14,0,34,13,9,235,0.29787234,0.404255319,0.059574468,0,0.144680851,0.055319149,0.038297872,222
James Neesham,46,22,10,7,0,3,1,3,0.47826087,0.217391304,0.152173913,0,0.065217391,0.02173913,0.065217391,13,25,3,0,9,4,1,55,0.236363636,0.454545455,0.054545455,0,0.163636364,0.072727273,0.018181818,27
James Franklin,301,105,129,22,0,25,9,11,0.348837209,0.428571429,0.073089701,0,0.083056478,0.029900332,0.03654485,30,75,11,1,21,6,9,153,0.196078431,0.490196078,0.071895425,0.006535948,0.137254902,0.039215686,0.058823529,222
Jacques Kallis,2221,828,888,113,8,255,44,85,0.372805043,0.399819901,0.050877983,0.003601981,0.114813147,0.019810896,0.038271049,536,749,106,6,235,57,65,1754,0.305587229,0.427023945,0.060433295,0.003420753,0.133979475,0.032497149,0.037058153,222
Jasprit Bumrah,38,12,17,2,0,2,1,4,0.315789474,0.447368421,0.052631579,0,0.052631579,0.026315789,0.105263158,564,686,145,8,193,66,82,1744,0.323394495,0.393348624,0.083142202,0.004587156,0.110665138,0.037844037,0.047018349,45
Jason Roy,135,50,48,6,0,18,8,5,0.37037037,0.355555556,0.044444444,0,0.133333333,0.059259259,0.037037037,0,0,0,0,0,0,0,0,0,0,0,0,0,0,0,6
Justin Kemp,24,8,9,2,1,1,1,2,0.333333333,0.375,0.083333333,0.041666667,0.041666667,0.041666667,0.083333333,12,20,2,0,6,1,3,44,0.272727273,0.454545455,0.045454545,0,0.136363636,0.022727273,0.068181818,222
Jason Holder,31,12,6,2,0,4,2,5,0.387096774,0.193548387,0.064516129,0,0.129032258,0.064516129,0.161290323,75,87,16,1,28,10,5,222,0.337837838,0.391891892,0.072072072,0.004504505,0.126126126,0.045045045,0.022522523,222
Joginder Sharma,30,6,14,3,0,1,2,4,0.2,0.466666667,0.1,0,0.033333333,0.066666667,0.133333333,59,127,17,0,35,16,12,266,0.221804511,0.477443609,0.063909774,0,0.131578947,0.060150376,0.045112782,222
JP Duminy,1636,467,781,126,6,126,79,51,0.285452323,0.477383863,0.077017115,0.003667482,0.077017115,0.048288509,0.031173594,211,328,43,0,53,33,23,691,0.305354559,0.474674385,0.062228654,0,0.076700434,0.047756874,0.033285094,2
James Faulkner,389,103,160,41,1,36,23,25,0.264781491,0.411311054,0.105398458,0.002570694,0.092544987,0.059125964,0.064267352,338,486,123,5,159,65,59,1235,0.273684211,0.393522267,0.099595142,0.004048583,0.128744939,0.052631579,0.047773279,2
Khaleel Ahmed,1,0,0,0,0,0,0,1,0,0,0,0,0,0,1,70,92,8,1,31,15,19,236,0.296610169,0.389830508,0.033898305,0.004237288,0.131355932,0.063559322,0.080508475,222
Krishnappa Gowtham,83,18,23,9,1,10,10,12,0.21686747,0.277108434,0.108433735,0.012048193,0.120481928,0.120481928,0.144578313,110,157,18,0,49,15,11,360,0.305555556,0.436111111,0.05,0,0.136111111,0.041666667,0.030555556,4
Keemo Paul,24,10,6,1,0,1,1,5,0.416666667,0.25,0.041666667,0,0.041666667,0.041666667,0.208333333,43,89,9,1,18,6,9,175,0.245714286,0.508571429,0.051428571,0.005714286,0.102857143,0.034285714,0.051428571,10
Kagiso Rabada,79,32,31,3,0,5,2,6,0.405063291,0.392405063,0.037974684,0,0.063291139,0.025316456,0.075949367,124,155,33,1,58,15,31,417,0.29736211,0.371702638,0.079136691,0.002398082,0.139088729,0.035971223,0.074340528,18
Kieron Pollard,1876,589,704,123,7,181,176,96,0.313965885,0.375266525,0.065565032,0.003731343,0.096481876,0.093816631,0.051172708,271,633,96,2,139,63,56,1260,0.215079365,0.502380952,0.076190476,0.001587302,0.11031746,0.05,0.044444444,97
Kemar Roach,9,2,4,1,0,1,0,1,0.222222222,0.444444444,0.111111111,0,0.111111111,0,0.111111111,20,16,3,0,10,3,0,52,0.384615385,0.307692308,0.057692308,0,0.192307692,0.057692308,0,222
Kumar Sangakkara,1391,455,563,81,5,195,27,65,0.327102804,0.404744788,0.058231488,0.003594536,0.140186916,0.019410496,0.046728972,0,0,0,0,0,0,0,0,0,0,0,0,0,0,0,222
Dinesh Karthik,2813,833,1175,206,6,357,101,135,0.296125133,0.417703519,0.073231426,0.002132954,0.126910771,0.035904728,0.047991468,0,0,0,0,0,0,0,0,0,0,0,0,0,0,0,11
Krunal Pandya,610,176,222,53,3,86,35,35,0.28852459,0.363934426,0.086885246,0.004918033,0.140983607,0.057377049,0.057377049,261,479,64,2,78,33,39,956,0.273012552,0.501046025,0.066945607,0.00209205,0.081589958,0.034518828,0.040794979,97
Kyle Abbott,8,2,2,1,1,0,1,1,0.25,0.25,0.125,0.125,0,0.125,0.125,26,34,9,0,24,4,2,99,0.262626263,0.343434343,0.090909091,0,0.242424242,0.04040404,0.02020202,222
Kevon Cooper,68,18,16,8,0,9,8,9,0.264705882,0.235294118,0.117647059,0,0.132352941,0.117647059,0.132352941,151,244,62,0,59,23,33,572,0.263986014,0.426573427,0.108391608,0,0.103146853,0.04020979,0.057692308,222
Karun Nair,1138,380,416,81,5,158,39,59,0.333919156,0.365553603,0.071177504,0.004393673,0.13884007,0.03427065,0.051845343,0,0,0,0,0,0,0,0,0,0,0,0,0,0,0,2
KL Rahul,1431,450,570,104,3,176,81,47,0.314465409,0.398322851,0.07267645,0.002096436,0.122990915,0.056603774,0.032844165,0,0,0,0,0,0,0,0,0,0,0,0,0,0,0,19
Kedar Jadhav,853,249,372,54,1,92,38,47,0.291910903,0.436107855,0.063305979,0.001172333,0.107854631,0.044548652,0.055099648,0,0,0,0,0,0,0,0,0,0,0,0,0,0,0,28
Kevin Pietersen,742,247,284,48,4,91,40,28,0.332884097,0.382749326,0.064690027,0.005390836,0.122641509,0.053908356,0.037735849,47,91,11,1,10,9,7,176,0.267045455,0.517045455,0.0625,0.005681818,0.056818182,0.051136364,0.039772727,222
Kane Williamson,963,267,429,74,4,111,44,34,0.277258567,0.445482866,0.076843198,0.004153686,0.115264798,0.04569055,0.035306334,2,3,0,0,1,0,0,6,0.333333333,0.5,0,0,0.166666667,0,0,27
Kuldeep Yadav,54,23,16,6,0,4,0,5,0.425925926,0.296296296,0.111111111,0,0.074074074,0,0.092592593,207,398,60,2,61,61,39,828,0.25,0.480676329,0.072463768,0.002415459,0.073671498,0.073671498,0.047101449,222
Karn Sharma,274,84,114,22,1,18,14,21,0.306569343,0.416058394,0.080291971,0.003649635,0.065693431,0.051094891,0.076642336,326,477,74,4,79,82,54,1096,0.297445255,0.435218978,0.067518248,0.003649635,0.072080292,0.074817518,0.049270073,18
Kane Richardson,39,14,16,3,0,2,1,3,0.358974359,0.41025641,0.076923077,0,0.051282051,0.025641026,0.076923077,106,114,22,1,35,23,18,319,0.332288401,0.357366771,0.068965517,0.003134796,0.109717868,0.072100313,0.056426332,27
Liam Livingstone,48,19,13,2,0,6,5,3,0.395833333,0.270833333,0.041666667,0,0.125,0.104166667,0.0625,3,1,0,0,0,2,0,6,0.5,0.166666667,0,0,0,0.333333333,0,222
Liam Plunkett,3,1,1,0,0,0,0,1,0.333333333,0.333333333,0,0,0,0,0.333333333,35,77,8,0,15,12,4,151,0.231788079,0.509933775,0.052980132,0,0.099337748,0.079470199,0.026490066,222
Luke Ronchi,34,18,4,0,0,6,1,5,0.529411765,0.117647059,0,0,0.176470588,0.029411765,0.147058824,0,0,0,0,0,0,0,0,0,0,0,0,0,0,0,222
Lockie Ferguson,1,0,1,0,0,0,0,0,0,1,0,0,0,0,0,37,29,2,0,9,4,3,84,0.44047619,0.345238095,0.023809524,0,0.107142857,0.047619048,0.035714286,19
Luke Wright,60,14,20,2,0,16,3,5,0.233333333,0.333333333,0.033333333,0,0.266666667,0.05,0.083333333,12,42,4,0,5,9,2,74,0.162162162,0.567567568,0.054054054,0,0.067567568,0.121621622,0.027027027,222
Lendl Simmons,852,349,269,52,2,109,44,27,0.409624413,0.3157277,0.061032864,0.002347418,0.127934272,0.051643192,0.031690141,1,10,2,0,2,2,1,18,0.055555556,0.555555556,0.111111111,0,0.111111111,0.111111111,0.055555556,4
Ross Taylor,820,269,334,62,3,66,46,40,0.32804878,0.407317073,0.075609756,0.003658537,0.080487805,0.056097561,0.048780488,0,10,1,0,0,2,0,13,0,0.769230769,0.076923077,0,0,0.153846154,0,10
Moeen Ali,179,52,65,7,0,20,23,12,0.290502793,0.363128492,0.039106145,0,0.111731844,0.12849162,0.067039106,80,103,11,0,16,13,9,232,0.344827586,0.443965517,0.047413793,0,0.068965517,0.056034483,0.038793103,97
Murugan Ashwin,8,1,4,0,0,0,0,3,0.125,0.5,0,0,0,0,0.375,116,202,32,1,40,20,15,426,0.272300469,0.474178404,0.075117371,0.002347418,0.093896714,0.046948357,0.035211268,222
Merchant de Lange,2,0,1,0,0,0,0,1,0,0.5,0,0,0,0,0.5,0,0,0,0,0,0,0,0,0,0,0,0,0,0,0,222
Murali Kartik,108,24,60,8,1,7,1,7,0.222222222,0.555555556,0.074074074,0.009259259,0.064814815,0.009259259,0.064814815,351,536,95,6,97,41,31,1157,0.303370787,0.46326707,0.082108902,0.005185825,0.083837511,0.035436474,0.026793431,222
Michael Klinger,77,31,30,2,1,9,0,4,0.402597403,0.38961039,0.025974026,0.012987013,0.116883117,0,0.051948052,0,0,0,0,0,0,0,0,0,0,0,0,0,0,0,222
Mitun Manhas,470,158,191,44,1,43,10,23,0.336170213,0.406382979,0.093617021,0.00212766,0.091489362,0.021276596,0.04893617,15,21,2,1,2,1,0,42,0.357142857,0.5,0.047619048,0.023809524,0.047619048,0.023809524,0,222
Mayank Markhande,29,11,9,3,0,3,0,3,0.379310345,0.310344828,0.103448276,0,0.103448276,0,0.103448276,75,139,12,0,36,20,16,298,0.251677852,0.466442953,0.040268456,0,0.120805369,0.067114094,0.053691275,28
Morne Morkel,90,21,33,8,1,11,5,11,0.233333333,0.366666667,0.088888889,0.011111111,0.122222222,0.055555556,0.122222222,631,556,101,11,228,61,77,1665,0.378978979,0.333933934,0.060660661,0.006606607,0.136936937,0.036636637,0.046246246,222
Muttiah Muralitharan,30,11,9,2,1,1,0,6,0.366666667,0.3,0.066666667,0.033333333,0.033333333,0,0.2,535,657,104,3,104,66,63,1532,0.34921671,0.428851175,0.067885117,0.001958225,0.067885117,0.04308094,0.041122715,222
Makhaya Ntini,18,13,1,1,0,2,0,1,0.722222222,0.055555556,0.055555556,0,0.111111111,0,0.055555556,92,59,8,1,29,8,7,204,0.450980392,0.289215686,0.039215686,0.004901961,0.142156863,0.039215686,0.034313725,222
Mitchell Santner,23,7,10,2,0,0,3,1,0.304347826,0.434782609,0.086956522,0,0,0.130434783,0.043478261,33,35,5,1,6,2,4,86,0.38372093,0.406976744,0.058139535,0.011627907,0.069767442,0.023255814,0.046511628,4
Mujeeb Ur Rahman,11,5,2,0,0,2,0,2,0.454545455,0.181818182,0,0,0.181818182,0,0.181818182,109,160,31,3,34,18,17,372,0.293010753,0.430107527,0.083333333,0.008064516,0.091397849,0.048387097,0.045698925,45
Murali Vijay,2105,806,687,163,17,243,91,98,0.382897862,0.326365796,0.077434679,0.00807601,0.11543943,0.043230404,0.046555819,8,21,2,0,6,0,0,37,0.216216216,0.567567568,0.054054054,0,0.162162162,0,0,18
Manan Vohra,767,283,234,62,9,97,39,43,0.368970013,0.305084746,0.08083442,0.011734029,0.126466754,0.050847458,0.056062581,0,0,0,0,0,0,0,0,0,0,0,0,0,0,0,23
Mark Wood,3,1,1,0,0,0,0,1,0.333333333,0.333333333,0,0,0,0,0.333333333,5,9,2,0,6,2,0,24,0.208333333,0.375,0.083333333,0,0.25,0.083333333,0,222
Mayank Agarwal,986,323,374,51,0,117,52,69,0.327586207,0.379310345,0.051724138,0,0.118661258,0.052738337,0.069979716,0,0,0,0,0,0,0,0,0,0,0,0,0,0,0,10
Mitchell Starc,98,34,38,9,0,10,0,7,0.346938776,0.387755102,0.091836735,0,0.102040816,0,0.071428571,198,210,56,5,77,8,34,588,0.336734694,0.357142857,0.095238095,0.008503401,0.130952381,0.013605442,0.057823129,4
Mandeep Singh,1227,385,477,101,3,160,33,68,0.313773431,0.388753056,0.082314588,0.002444988,0.130399348,0.026894866,0.055419723,1,6,2,0,1,2,0,12,0.083333333,0.5,0.166666667,0,0.083333333,0.166666667,0,27
Mashrafe Mortaza,2,1,0,1,0,0,0,0,0.5,0,0.5,0,0,0,0,6,9,4,0,3,4,0,26,0.230769231,0.346153846,0.153846154,0,0.115384615,0.153846154,0,222
Moises Henriques,756,225,310,70,3,87,27,34,0.297619048,0.41005291,0.092592593,0.003968254,0.115079365,0.035714286,0.044973545,239,418,55,3,120,37,38,910,0.262637363,0.459340659,0.06043956,0.003296703,0.131868132,0.040659341,0.041758242,18
Kusal Perera,13,6,2,0,0,3,0,2,0.461538462,0.153846154,0,0,0.230769231,0,0.153846154,0,0,0,0,0,0,0,0,0,0,0,0,0,0,0,18
Michael Hussey,1612,556,648,96,11,198,52,51,0.344913151,0.401985112,0.05955335,0.006823821,0.122828784,0.032258065,0.031637717,0,0,0,0,0,0,0,0,0,0,0,0,0,0,0,222
Farvez Maharoof,123,33,43,16,0,12,9,10,0.268292683,0.349593496,0.130081301,0,0.097560976,0.073170732,0.081300813,138,171,28,1,46,16,27,427,0.323185012,0.400468384,0.06557377,0.00234192,0.107728337,0.037470726,0.06323185,222
Mitchell Johnson,164,63,58,12,1,10,7,13,0.384146341,0.353658537,0.073170732,0.006097561,0.06097561,0.042682927,0.079268293,472,405,79,6,194,55,61,1272,0.371069182,0.318396226,0.062106918,0.004716981,0.152515723,0.043238994,0.047955975,222
Misbah-ul-Haq,81,23,29,6,0,10,6,7,0.283950617,0.358024691,0.074074074,0,0.12345679,0.074074074,0.086419753,0,0,0,0,0,0,0,0,0,0,0,0,0,0,0,222
Michael clarke,93,35,35,5,0,12,0,6,0.376344086,0.376344086,0.053763441,0,0.129032258,0,0.064516129,20,33,3,0,4,2,2,64,0.3125,0.515625,0.046875,0,0.0625,0.03125,0.03125,222
Martin Guptil,195,76,59,7,2,24,15,12,0.38974359,0.302564103,0.035897436,0.01025641,0.123076923,0.076923077,0.061538462,0,0,0,0,0,0,0,0,0,0,0,0,0,0,0,45
Mitchell McClenaghan,70,24,21,1,0,5,7,12,0.342857143,0.3,0.014285714,0,0.071428571,0.1,0.171428571,436,484,71,3,176,70,71,1311,0.332570557,0.369183829,0.054157132,0.00228833,0.134248665,0.053394355,0.054157132,11
Manish Pandey,2351,742,1005,171,8,253,75,97,0.315610379,0.427477669,0.072735006,0.003402807,0.107613781,0.031901319,0.041259039,0,0,0,0,0,0,0,0,0,0,0,0,0,0,0,10
Manoj Tiwary,1445,472,633,77,8,156,40,59,0.326643599,0.438062284,0.053287197,0.005536332,0.107958478,0.027681661,0.04083045,8,22,4,1,2,7,1,45,0.177777778,0.488888889,0.088888889,0.022222222,0.044444444,0.155555556,0.022222222,27
Matthew Hayden,805,303,257,48,2,121,44,30,0.376397516,0.319254658,0.059627329,0.002484472,0.150310559,0.054658385,0.037267081,0,0,0,0,0,0,0,0,0,0,0,0,0,0,0,222
Munaf Patel,41,12,17,1,0,5,0,6,0.292682927,0.414634146,0.024390244,0,0.12195122,0,0.146341463,516,445,75,8,187,50,74,1355,0.380811808,0.328413284,0.055350554,0.005904059,0.13800738,0.036900369,0.054612546,222
Mohit Sharma,117,36,45,7,1,9,4,15,0.307692308,0.384615385,0.05982906,0.008547009,0.076923077,0.034188034,0.128205128,545,648,122,8,260,77,91,1751,0.311250714,0.370074243,0.069674472,0.004568818,0.148486579,0.043974872,0.051970303,222
Marlon Samuels,172,71,61,11,0,9,7,13,0.412790698,0.354651163,0.063953488,0,0.052325581,0.040697674,0.075581395,70,88,16,0,23,12,9,218,0.321100917,0.403669725,0.073394495,0,0.105504587,0.055045872,0.041284404,222
Morne van Wyk,132,38,58,12,1,19,1,3,0.287878788,0.439393939,0.090909091,0.007575758,0.143939394,0.007575758,0.022727273,0,0,0,0,0,0,0,0,0,0,0,0,0,0,0,222
Mohammad Ashraful,10,7,2,0,0,0,0,1,0.7,0.2,0,0,0,0,0.1,0,0,0,0,0,0,0,0,0,0,0,0,0,0,0,222
Mohammad Asif,6,1,3,0,0,0,0,2,0.166666667,0.5,0,0,0,0,0.333333333,56,67,15,1,37,8,8,192,0.291666667,0.348958333,0.078125,0.005208333,0.192708333,0.041666667,0.041666667,222
Mohammad Hafeez,83,43,24,0,0,7,2,7,0.518072289,0.289156627,0,0,0.084337349,0.024096386,0.084337349,20,29,1,0,5,2,2,59,0.338983051,0.491525424,0.016949153,0,0.084745763,0.033898305,0.033898305,222
Mohammad Nabi,91,23,34,6,1,11,7,9,0.252747253,0.373626374,0.065934066,0.010989011,0.120879121,0.076923077,0.098901099,100,106,14,1,21,13,11,266,0.37593985,0.398496241,0.052631579,0.003759398,0.078947368,0.04887218,0.041353383,6
Mohammad Shami,53,17,18,2,0,5,2,9,0.320754717,0.339622642,0.037735849,0,0.094339623,0.037735849,0.169811321,316,403,65,1,158,59,40,1042,0.303262956,0.386756238,0.062380038,0.000959693,0.151631478,0.056621881,0.038387716,222
Mohammed Siraj,36,14,16,0,0,2,1,3,0.388888889,0.444444444,0,0,0.055555556,0.027777778,0.083333333,172,227,30,1,72,41,28,571,0.301225919,0.397548161,0.052539405,0.001751313,0.126094571,0.071803853,0.049036778,222
Marcus Stoinis,364,109,148,39,1,34,18,15,0.299450549,0.406593407,0.107142857,0.002747253,0.093406593,0.049450549,0.041208791,78,180,21,0,51,23,15,368,0.211956522,0.489130435,0.057065217,0,0.138586957,0.0625,0.04076087,45
Mitchell Marsh,196,67,83,11,0,9,14,12,0.341836735,0.423469388,0.056122449,0,0.045918367,0.071428571,0.06122449,92,138,18,0,39,14,20,321,0.286604361,0.429906542,0.056074766,0,0.121495327,0.043613707,0.062305296,2
Maninder Bisla,702,302,207,36,3,93,23,38,0.43019943,0.294871795,0.051282051,0.004273504,0.132478632,0.032763533,0.054131054,0,0,0,0,0,0,0,0,0,0,0,0,0,0,0,222
Mahendra Singh Dhoni,3215,945,1342,304,13,297,209,105,0.293934681,0.417418351,0.094556765,0.004043546,0.092379471,0.065007776,0.032659409,0,0,0,0,0,0,0,0,0,0,0,0,0,0,0,6
Mathhew Wade,33,12,14,4,0,0,0,3,0.363636364,0.424242424,0.121212121,0,0,0,0.090909091,0,0,0,0,0,0,0,0,0,0,0,0,0,0,0,222
Mustafizur Rahman,3,1,1,0,0,0,0,1,0.333333333,0.333333333,0,0,0,0,0.333333333,173,226,50,1,56,22,24,552,0.313405797,0.40942029,0.09057971,0.001811594,0.101449275,0.039855072,0.043478261,23
Nikhil Naik,16,11,3,0,0,1,0,1,0.6875,0.1875,0,0,0.0625,0,0.0625,0,0,0,0,0,0,0,0,0,0,0,0,0,0,0,222
Nicholas Pooran,107,40,30,7,0,10,14,6,0.373831776,0.280373832,0.065420561,0,0.093457944,0.130841121,0.056074766,0,0,0,0,0,0,0,0,0,0,0,0,0,0,0,28
Nitish Rana,807,280,307,37,1,84,60,38,0.346964064,0.380421314,0.045848823,0.001239157,0.104089219,0.074349442,0.04708798,27,39,4,0,12,4,7,93,0.290322581,0.419354839,0.043010753,0,0.129032258,0.043010753,0.075268817,6
Navdeep Saini,145,57,45,15,1,16,0,11,0.393103448,0.310344828,0.103448276,0.006896552,0.110344828,0,0.075862069,125,79,13,2,49,13,11,292,0.428082192,0.270547945,0.044520548,0.006849315,0.167808219,0.044520548,0.037671233,222
Nic Maddinson,21,12,1,0,1,4,0,3,0.571428571,0.047619048,0,0.047619048,0.19047619,0,0.142857143,0,0,0,0,0,0,0,0,0,0,0,0,0,0,0,222
Thisara Perera,307,90,119,26,1,23,26,22,0.293159609,0.38762215,0.084690554,0.003257329,0.074918567,0.084690554,0.071661238,196,279,54,3,113,28,31,704,0.278409091,0.396306818,0.076704545,0.004261364,0.160511364,0.039772727,0.044034091,222
Nathan Coulter-Nile,50,20,14,1,0,3,4,8,0.4,0.28,0.02,0,0.06,0.08,0.16,211,187,30,2,84,20,36,570,0.370175439,0.328070175,0.052631579,0.003508772,0.147368421,0.035087719,0.063157895,2
Naman Ojha,1313,526,438,64,10,121,79,75,0.400609292,0.333587205,0.048743336,0.007616146,0.092155369,0.060167555,0.057121097,0,0,0,0,0,0,0,0,0,0,0,0,0,0,0,18
Parvinder Awana,14,7,5,0,0,0,0,2,0.5,0.357142857,0,0,0,0,0.142857143,254,266,56,2,106,34,39,757,0.335535007,0.351387054,0.073976222,0.002642008,0.14002642,0.044914135,0.051519155,222
Prasidh Krishna,7,5,1,0,0,0,0,1,0.714285714,0.142857143,0,0,0,0,0.142857143,134,153,24,1,77,20,14,423,0.31678487,0.361702128,0.056737589,0.002364066,0.182033097,0.047281324,0.033096927,222
Praveen Kumar,314,111,102,24,0,22,17,38,0.353503185,0.324840764,0.076433121,0,0.070063694,0.054140127,0.121019108,985,862,160,18,339,104,90,2558,0.385066458,0.336982017,0.062548866,0.007036747,0.13252541,0.040656763,0.035183737,222
Pawan Negi,289,86,108,25,1,27,16,26,0.297577855,0.373702422,0.08650519,0.003460208,0.093425606,0.055363322,0.089965398,203,332,49,0,57,47,34,722,0.281163435,0.459833795,0.067867036,0,0.078947368,0.065096953,0.047091413,18
Prithvi Shaw,424,137,148,21,2,72,19,25,0.323113208,0.349056604,0.049528302,0.004716981,0.169811321,0.044811321,0.058962264,0,0,0,0,0,0,0,0,0,0,0,0,0,0,0,4
Parthiv Patel,2359,872,812,127,8,365,49,126,0.369648156,0.34421365,0.053836371,0.003391267,0.154726579,0.020771513,0.053412463,0,0,0,0,0,0,0,0,0,0,0,0,0,0,0,4
Pankaj Singh,12,4,5,1,0,0,0,2,0.333333333,0.416666667,0.083333333,0,0,0,0.166666667,100,104,17,5,52,17,11,306,0.326797386,0.339869281,0.055555556,0.016339869,0.169934641,0.055555556,0.035947712,222
Parvez Rasool,20,5,11,1,0,1,0,2,0.25,0.55,0.05,0,0.05,0,0.1,56,93,12,0,22,11,4,198,0.282828283,0.46969697,0.060606061,0,0.111111111,0.055555556,0.02020202,222
Paul Valthaty,418,194,101,20,0,61,20,22,0.464114833,0.241626794,0.04784689,0,0.145933014,0.04784689,0.052631579,37,71,12,1,15,7,7,150,0.246666667,0.473333333,0.08,0.006666667,0.1,0.046666667,0.046666667,222
Paul Collingwood,156,52,66,10,1,9,13,5,0.333333333,0.423076923,0.064102564,0.006410256,0.057692308,0.083333333,0.032051282,19,51,8,0,4,3,5,90,0.211111111,0.566666667,0.088888889,0,0.044444444,0.033333333,0.055555556,222
Pat Cummins,55,14,19,7,0,5,4,6,0.254545455,0.345454545,0.127272727,0,0.090909091,0.072727273,0.109090909,101,150,30,0,47,16,17,361,0.279778393,0.415512465,0.083102493,0,0.130193906,0.04432133,0.047091413,6
Pradeep Sangwan,39,14,14,3,0,1,0,7,0.358974359,0.358974359,0.076923077,0,0.025641026,0,0.179487179,263,307,62,1,117,43,35,828,0.31763285,0.370772947,0.074879227,0.001207729,0.141304348,0.051932367,0.042270531,222
Piyush Chawla,524,179,189,34,1,54,18,49,0.341603053,0.360687023,0.064885496,0.001908397,0.103053435,0.034351145,0.09351145,951,1298,237,9,303,171,149,3118,0.305003207,0.416292495,0.076010263,0.002886466,0.097177678,0.054842848,0.047787043,2
Pragyan Ojha,45,18,14,1,0,0,0,12,0.4,0.311111111,0.022222222,0,0,0,0.266666667,578,848,133,7,146,96,89,1897,0.304691618,0.447021613,0.070110701,0.003690037,0.076963627,0.05060622,0.046916183,222
Prithvi Shaw,91,36,28,8,0,9,2,8,0.395604396,0.307692308,0.087912088,0,0.098901099,0.021978022,0.087912088,0,0,0,0,0,0,0,0,0,0,0,0,0,0,0,4
Peter Handscomb,12,5,6,0,0,0,0,1,0.416666667,0.5,0,0,0,0,0.083333333,0,0,0,0,0,0,0,0,0,0,0,0,0,0,0,222
Pravin Tambe,39,22,14,0,0,1,0,2,0.564102564,0.358974359,0,0,0.025641026,0,0.051282051,176,309,56,1,64,28,28,662,0.265861027,0.466767372,0.084592145,0.001510574,0.096676737,0.042296073,0.042296073,222
Quinton de Kock,1110,403,394,51,4,156,54,48,0.363063063,0.354954955,0.045945946,0.003603604,0.140540541,0.048648649,0.043243243,0,0,0,0,0,0,0,0,0,0,0,0,0,0,0,28
Ravichandran Ashwin,339,95,147,20,0,32,10,35,0.280235988,0.433628319,0.05899705,0,0.09439528,0.029498525,0.103244838,942,1401,174,9,199,121,125,2971,0.317064961,0.471558398,0.058566139,0.003029283,0.066980815,0.040727028,0.042073376,27
Rajat Bhatia,284,74,119,23,1,24,13,30,0.26056338,0.419014085,0.080985915,0.003521127,0.084507042,0.045774648,0.105633803,365,891,108,5,120,68,71,1628,0.224201474,0.547297297,0.066339066,0.003071253,0.073710074,0.041769042,0.043611794,222
Ricky Bhui,17,10,3,2,0,0,0,2,0.588235294,0.176470588,0.117647059,0,0,0,0.117647059,0,0,0,0,0,0,0,0,0,0,0,0,0,0,0,222
Ravi Bishnoi,17,8,3,0,0,1,2,3,0.470588235,0.176470588,0,0,0.058823529,0.117647059,0.176470588,0,0,0,0,0,0,0,0,0,0,0,0,0,0,0,222
Rishi Dhawan,135,49,48,13,1,13,4,7,0.362962963,0.355555556,0.096296296,0.007407407,0.096296296,0.02962963,0.051851852,133,239,44,1,51,16,18,502,0.264940239,0.476095618,0.087649402,0.001992032,0.101593625,0.03187251,0.035856574,23
Rahul Dravid,1880,706,681,118,1,269,28,77,0.375531915,0.362234043,0.062765957,0.000531915,0.143085106,0.014893617,0.040957447,0,0,0,0,0,0,0,0,0,0,0,0,0,0,0,222
Ryan McLaren,171,61,78,8,1,14,1,8,0.356725146,0.456140351,0.046783626,0.005847953,0.081871345,0.005847953,0.046783626,104,134,27,2,69,10,12,358,0.290502793,0.374301676,0.075418994,0.005586592,0.19273743,0.027932961,0.033519553,222
Riyan Parag,126,43,50,6,0,17,5,5,0.341269841,0.396825397,0.047619048,0,0.134920635,0.03968254,0.03968254,16,43,11,0,8,4,2,84,0.19047619,0.511904762,0.130952381,0,0.095238095,0.047619048,0.023809524,222
Ravi Rampaul,50,19,15,6,0,3,2,5,0.38,0.3,0.12,0,0.06,0.04,0.1,113,80,19,2,24,13,14,265,0.426415094,0.301886792,0.071698113,0.00754717,0.090566038,0.049056604,0.052830189,222
Rahul Sharma,75,32,14,7,0,5,3,14,0.426666667,0.186666667,0.093333333,0,0.066666667,0.04,0.186666667,0,0,0,0,0,0,0,0,0,0,0,0,0,0,0,222
Rinku Singh,65,21,28,3,0,5,2,6,0.323076923,0.430769231,0.046153846,0,0.076923077,0.030769231,0.092307692,0,0,0,0,0,0,0,0,0,0,0,0,0,0,0,222
Rahul Tewatia,89,27,35,7,0,11,3,6,0.303370787,0.393258427,0.078651685,0,0.123595506,0.033707865,0.06741573,96,139,12,1,17,20,13,298,0.322147651,0.466442953,0.040268456,0.003355705,0.05704698,0.067114094,0.043624161,2
Vinay Kumar,274,75,110,31,0,21,9,28,0.273722628,0.401459854,0.113138686,0,0.076642336,0.032846715,0.102189781,658,796,176,9,294,96,105,2134,0.308341143,0.373008435,0.082474227,0.004217432,0.137769447,0.044985942,0.049203374,222
Ravindra Jadeja,1571,449,692,145,5,135,65,80,0.28580522,0.440483768,0.092297899,0.003182686,0.085932527,0.04137492,0.050922979,706,1155,193,7,198,131,108,2498,0.282626101,0.462369896,0.077261809,0.002802242,0.079263411,0.052441954,0.043234588,28
Rahul Tripathi,553,169,210,42,2,74,27,29,0.305605787,0.379746835,0.075949367,0.003616637,0.133815552,0.048824593,0.05244123,0,4,0,0,2,0,0,6,0,0.666666667,0,0,0.333333333,0,0,2
Rashid Khan,63,13,18,6,0,5,9,12,0.206349206,0.285714286,0.095238095,0,0.079365079,0.142857143,0.19047619,388,455,48,2,90,46,55,1084,0.357933579,0.419741697,0.044280443,0.001845018,0.08302583,0.042435424,0.050738007,45
Rahul Chahar,13,4,3,2,0,2,0,2,0.307692308,0.230769231,0.153846154,0,0.153846154,0,0.153846154,124,138,11,0,23,19,15,330,0.375757576,0.418181818,0.033333333,0,0.06969697,0.057575758,0.045454545,5
Richard Levi,73,34,19,0,0,10,4,6,0.465753425,0.260273973,0,0,0.136986301,0.054794521,0.082191781,0,0,0,0,0,0,0,0,0,0,0,0,0,0,0,222
Rohit Sharma,3743,1177,1576,204,5,431,195,155,0.314453647,0.421052632,0.054501737,0.001335827,0.115148277,0.052097248,0.041410633,73,172,31,3,27,14,15,335,0.217910448,0.513432836,0.092537313,0.008955224,0.080597015,0.041791045,0.044776119,11
Ryan Harris,112,34,40,16,1,6,3,12,0.303571429,0.357142857,0.142857143,0.008928571,0.053571429,0.026785714,0.107142857,319,262,60,4,119,27,45,836,0.381578947,0.313397129,0.071770335,0.004784689,0.142344498,0.032296651,0.053827751,222
Robin Peterson,30,10,12,1,0,3,1,3,0.333333333,0.4,0.033333333,0,0.1,0.033333333,0.1,18,14,3,0,5,5,3,48,0.375,0.291666667,0.0625,0,0.104166667,0.104166667,0.0625,222
Rob Quiney,102,47,30,2,1,12,3,7,0.460784314,0.294117647,0.019607843,0.009803922,0.117647059,0.029411765,0.068627451,0,0,0,0,0,0,0,0,0,0,0,0,0,0,0,222
Ryan ten Doeschate,235,63,102,15,0,26,15,14,0.268085106,0.434042553,0.063829787,0,0.110638298,0.063829787,0.059574468,20,48,6,0,4,3,2,83,0.240963855,0.578313253,0.072289157,0,0.048192771,0.036144578,0.024096386,222
RP Singh,76,24,31,2,1,2,1,15,0.315789474,0.407894737,0.026315789,0.013157895,0.026315789,0.013157895,0.197368421,654,628,124,8,253,69,90,1826,0.358159912,0.343921139,0.067907996,0.004381161,0.138554217,0.037787514,0.049288061,222
Rishab Pant,1066,286,415,69,2,152,94,48,0.268292683,0.389305816,0.064727955,0.001876173,0.142589118,0.088180113,0.045028143,0,0,0,0,0,0,0,0,0,0,0,0,0,0,0,5
Ramesh Powar,64,24,23,7,0,6,1,3,0.375,0.359375,0.109375,0,0.09375,0.015625,0.046875,0,0,0,0,0,0,0,0,0,0,0,0,0,0,0,222
Rilee Rossouw,51,20,17,3,0,3,3,5,0.392156863,0.333333333,0.058823529,0,0.058823529,0.058823529,0.098039216,0,0,0,0,0,0,0,0,0,0,0,0,0,0,0,222
Ramnaresh Sarwan,75,27,31,6,0,6,1,4,0.36,0.413333333,0.08,0,0.08,0.013333333,0.053333333,0,0,0,0,0,0,0,0,0,0,0,0,0,0,0,222
Ravi Bopara,453,142,204,27,7,39,16,18,0.313465784,0.450331126,0.059602649,0.015452539,0.086092715,0.035320088,0.039735099,50,98,12,0,25,10,11,206,0.242718447,0.475728155,0.058252427,0,0.121359223,0.048543689,0.053398058,222
Rohan Gavaskar,8,5,2,0,0,0,0,1,0.625,0.25,0,0,0,0,0.125,2,2,1,0,1,0,0,6,0.333333333,0.333333333,0.166666667,0,0.166666667,0,0,222
Ricky Ponting,128,59,47,6,0,5,2,9,0.4609375,0.3671875,0.046875,0,0.0390625,0.015625,0.0703125,0,0,0,0,0,0,0,0,0,0,0,0,0,0,0,222
Robin Uthappa,3379,1144,1273,205,13,435,156,153,0.338561705,0.37673868,0.060668837,0.003847292,0.128736313,0.046167505,0.045279669,0,0,0,0,0,0,0,0,0,0,0,0,0,0,0,23
Sreekanth Anirudha,113,38,44,7,0,9,7,8,0.336283186,0.389380531,0.061946903,0,0.079646018,0.061946903,0.07079646,0,0,0,0,0,0,0,0,0,0,0,0,0,0,0,222
Sreenath Aravind,57,20,21,5,0,7,0,4,0.350877193,0.368421053,0.087719298,0,0.122807018,0,0.070175439,245,300,40,2,105,38,45,775,0.316129032,0.387096774,0.051612903,0.002580645,0.135483871,0.049032258,0.058064516,19
Samuel Badree,23,7,9,2,0,0,0,5,0.304347826,0.391304348,0.086956522,0,0,0,0.217391304,98,94,12,0,28,14,11,257,0.381322957,0.365758755,0.046692607,0,0.108949416,0.054474708,0.042801556,222
Subramaniyam Badrinath,1212,413,484,85,1,154,28,47,0.340759076,0.399339934,0.070132013,0.000825083,0.127062706,0.02310231,0.038778878,0,0,0,0,0,0,0,0,0,0,0,0,0,0,0,222
Shivnarine Chanderpaul,31,15,9,0,0,4,0,3,0.483870968,0.290322581,0,0,0.129032258,0,0.096774194,0,0,0,0,0,0,0,0,0,0,0,0,0,0,0,222
Sam Curran,55,17,11,7,0,13,3,4,0.309090909,0.2,0.127272727,0,0.236363636,0.054545455,0.072727273,48,81,23,0,31,12,10,205,0.234146341,0.395121951,0.112195122,0,0.151219512,0.058536585,0.048780488,5
Shikhar Dhawan,3669,1250,1443,201,18,524,96,137,0.340692287,0.393295176,0.05478332,0.004905969,0.142818207,0.026165168,0.037339875,13,18,1,0,7,3,4,46,0.282608696,0.391304348,0.02173913,0,0.152173913,0.065217391,0.086956522,28
Shivam Dube,33,9,16,1,0,1,3,3,0.272727273,0.484848485,0.03030303,0,0.03030303,0.090909091,0.090909091,3,8,0,0,0,0,0,11,0.272727273,0.727272727,0,0,0,0,0,6
Shubman Gill,377,98,177,27,2,43,15,15,0.25994695,0.469496021,0.071618037,0.00530504,0.114058355,0.039787798,0.039787798,0,0,0,0,0,0,0,0,0,0,0,0,0,0,0,5
Shreyas Gopal,118,38,47,9,0,14,1,9,0.322033898,0.398305085,0.076271186,0,0.118644068,0.008474576,0.076271186,167,262,39,2,38,39,38,585,0.285470085,0.447863248,0.066666667,0.003418803,0.064957265,0.066666667,0.064957265,19
Shimron Hetmyer,73,26,30,1,0,4,7,5,0.356164384,0.410958904,0.01369863,0,0.054794521,0.095890411,0.068493151,0,0,0,0,0,0,0,0,0,0,0,0,0,0,0,222
Siddarth Kaul,28,16,4,4,0,0,0,4,0.571428571,0.142857143,0.142857143,0,0,0,0.142857143,259,432,69,0,126,51,49,986,0.262677485,0.438133874,0.069979716,0,0.127789047,0.051724138,0.04969574,97
Shivil Kaushik,1,0,0,0,0,0,0,1,0,0,0,0,0,0,1,62,85,14,0,25,14,6,206,0.300970874,0.412621359,0.067961165,0,0.121359223,0.067961165,0.029126214,222
Sandeep Lamichhane,1,0,0,0,0,0,0,1,0,0,0,0,0,0,1,62,86,10,0,21,17,13,209,0.296650718,0.411483254,0.04784689,0,0.100478469,0.081339713,0.062200957,222
Shivam Mavi,15,4,5,2,0,1,0,3,0.266666667,0.333333333,0.133333333,0,0.066666667,0,0.2,56,68,9,0,22,16,5,176,0.318181818,0.386363636,0.051136364,0,0.125,0.090909091,0.028409091,222
Shahbaz Nadeem,78,40,22,3,0,1,0,12,0.512820513,0.282051282,0.038461538,0,0.012820513,0,0.153846154,372,607,76,6,98,66,42,1267,0.293606946,0.479084451,0.059984215,0.004735596,0.077348066,0.052091555,0.033149171,4
Suraj Randiv,4,2,0,1,0,0,0,1,0.5,0,0.25,0,0,0,0.25,54,79,14,2,20,5,6,180,0.3,0.438888889,0.077777778,0.011111111,0.111111111,0.027777778,0.033333333,222
Sherfane Rutherford,54,20,17,3,0,2,7,5,0.37037037,0.314814815,0.055555556,0,0.037037037,0.12962963,0.092592593,6,29,4,0,4,1,1,45,0.133333333,0.644444444,0.088888889,0,0.088888889,0.022222222,0.022222222,222
Sandeep Sharma,42,14,22,1,0,2,0,3,0.333333333,0.523809524,0.023809524,0,0.047619048,0,0.071428571,633,623,118,5,228,79,95,1781,0.355418304,0.349803481,0.066254913,0.002807412,0.128017967,0.044357103,0.05334082,97
S Sreesanth,55,37,6,2,0,6,0,4,0.672727273,0.109090909,0.036363636,0,0.109090909,0,0.072727273,359,299,56,4,128,39,40,925,0.388108108,0.323243243,0.060540541,0.004324324,0.138378378,0.042162162,0.043243243,222
Sudeep Tyagi,4,0,3,0,0,0,0,1,0,0.75,0,0,0,0,0.25,87,63,12,0,34,12,6,214,0.406542056,0.294392523,0.056074766,0,0.158878505,0.056074766,0.028037383,222
Sean Abott,13,5,3,1,0,1,1,2,0.384615385,0.230769231,0.076923077,0,0.076923077,0.076923077,0.153846154,6,15,2,0,8,1,0,32,0.1875,0.46875,0.0625,0,0.25,0.03125,0,222
Swapnil Asnodkar,339,131,105,17,0,56,10,20,0.386430678,0.309734513,0.050147493,0,0.16519174,0.029498525,0.05899705,0,0,0,0,0,0,0,0,0,0,0,0,0,0,0,222
Suryakumar Yadav,465,132,196,32,2,54,21,28,0.283870968,0.421505376,0.068817204,0.004301075,0.116129032,0.04516129,0.060215054,2,2,1,0,1,0,0,6,0.333333333,0.333333333,0.166666667,0,0.166666667,0,0,27
Sachin Baby,101,27,37,13,0,11,5,8,0.267326733,0.366336634,0.128712871,0,0.108910891,0.04950495,0.079207921,3,4,0,0,1,0,2,10,0.3,0.4,0,0,0.1,0,0.2,19
Salman Butt,161,68,47,7,0,30,2,7,0.422360248,0.291925466,0.043478261,0,0.186335404,0.01242236,0.043478261,0,0,0,0,0,0,0,0,0,0,0,0,0,0,0,222
Sanjay Bangar,58,21,25,1,0,1,3,7,0.362068966,0.431034483,0.017241379,0,0.017241379,0.051724138,0.120689655,51,53,10,1,24,7,4,150,0.34,0.353333333,0.066666667,0.006666667,0.16,0.046666667,0.026666667,222
Shadab Jakati,29,10,14,1,0,3,0,1,0.344827586,0.482758621,0.034482759,0,0.103448276,0,0.034482759,290,491,88,7,97,60,47,1080,0.268518519,0.45462963,0.081481481,0.006481481,0.089814815,0.055555556,0.043518519,222
Scott Styris,133,45,63,5,0,10,3,7,0.338345865,0.473684211,0.037593985,0,0.07518797,0.022556391,0.052631579,75,92,12,0,19,14,8,220,0.340909091,0.418181818,0.054545455,0,0.086363636,0.063636364,0.036363636,222
Sourav Ganguly,1262,546,427,54,3,137,42,53,0.432646593,0.338351823,0.042789223,0.002377179,0.108557845,0.033280507,0.04199683,0,0,0,0,0,0,0,0,0,0,0,0,0,0,0,222
Siddhesh Lad,13,7,2,0,1,1,1,1,0.538461538,0.153846154,0,0.076923077,0.076923077,0.076923077,0.076923077,0,0,0,0,0,0,0,0,0,0,0,0,0,0,0,222
Shane Bond,2,0,1,0,0,0,0,1,0,0.5,0,0,0,0,0.5,66,72,13,0,27,3,9,190,0.347368421,0.378947368,0.068421053,0,0.142105263,0.015789474,0.047368421,222
Shaun Marsh,1865,630,724,99,6,266,78,62,0.337801609,0.388203753,0.05308311,0.003217158,0.142627346,0.041823056,0.033243968,0,0,0,0,0,0,0,0,0,0,0,0,0,0,0,18
Shahid Afridi,45,12,12,0,0,7,6,8,0.266666667,0.266666667,0,0,0.155555556,0.133333333,0.177777778,48,81,13,0,19,7,9,177,0.271186441,0.457627119,0.073446328,0,0.107344633,0.039548023,0.050847458,222
Shakib Al Hasan,589,163,256,45,0,70,20,35,0.276740238,0.434634975,0.076400679,0,0.118845501,0.033955857,0.05942275,396,618,87,2,109,69,59,1340,0.295522388,0.46119403,0.064925373,0.001492537,0.081343284,0.051492537,0.044029851,11
Shivam Sharma,3,0,1,0,0,1,0,1,0,0.333333333,0,0,0.333333333,0,0.333333333,33,47,11,0,9,10,4,114,0.289473684,0.412280702,0.096491228,0,0.078947368,0.087719298,0.035087719,222
Shoaib Ahmed,6,3,1,0,0,0,0,2,0.5,0.166666667,0,0,0,0,0.333333333,28,41,5,1,14,7,5,101,0.277227723,0.405940594,0.04950495,0.00990099,0.138613861,0.069306931,0.04950495,222
Shoaib Akhtar,7,4,2,0,0,0,0,1,0.571428571,0.285714286,0,0,0,0,0.142857143,18,12,3,0,6,2,5,46,0.391304348,0.260869565,0.065217391,0,0.130434783,0.043478261,0.108695652,222
Shoaib Malik,47,10,24,4,0,5,0,4,0.212765957,0.510638298,0.085106383,0,0.106382979,0,0.085106383,13,23,8,0,7,3,2,56,0.232142857,0.410714286,0.142857143,0,0.125,0.053571429,0.035714286,222
Suresh Raina,3913,1124,1666,264,11,493,194,161,0.287247636,0.425760286,0.067467416,0.002811142,0.125990289,0.049578329,0.041144902,255,467,44,5,71,44,25,911,0.279912184,0.512623491,0.048298573,0.005488474,0.077936334,0.048298573,0.027442371,45
Siddharth Trivedi,59,28,16,4,0,3,1,7,0.474576271,0.271186441,0.06779661,0,0.050847458,0.016949153,0.118644068,427,682,133,7,151,51,65,1516,0.281662269,0.449868074,0.087730871,0.004617414,0.099604222,0.033641161,0.042875989,222
Shane Warne,214,80,82,12,0,14,6,20,0.373831776,0.38317757,0.056074766,0,0.065420561,0.028037383,0.093457944,369,528,100,5,92,56,57,1207,0.305716653,0.437448219,0.082850041,0.004142502,0.076222038,0.046396023,0.047224524,222
Lasith Malinga,99,39,32,1,0,6,5,16,0.393939394,0.323232323,0.01010101,0,0.060606061,0.050505051,0.161616162,974,1144,199,7,312,85,170,2891,0.336907644,0.395710827,0.068834313,0.002421308,0.107921135,0.029401591,0.058803182,28
Simon Katich,186,70,56,15,1,26,8,10,0.376344086,0.301075269,0.080645161,0.005376344,0.139784946,0.043010753,0.053763441,0,0,0,0,0,0,0,0,0,0,0,0,0,0,0,222
Shaun Pollock,111,34,47,2,0,12,8,8,0.306306306,0.423423423,0.018018018,0,0.108108108,0.072072072,0.072072072,119,93,14,2,30,9,11,278,0.428057554,0.334532374,0.050359712,0.007194245,0.107913669,0.032374101,0.039568345,222
Sachitra Senanayake,17,7,8,1,0,0,0,1,0.411764706,0.470588235,0.058823529,0,0,0,0.058823529,64,87,9,2,17,5,9,193,0.331606218,0.450777202,0.046632124,0.010362694,0.088082902,0.025906736,0.046632124,222
Sarfaraz Khan,286,73,122,20,0,45,11,15,0.255244755,0.426573427,0.06993007,0,0.157342657,0.038461538,0.052447552,0,0,1,0,1,0,0,2,0,0,0.5,0,0.5,0,0,19
Shardul Thakur,21,2,6,2,0,5,1,5,0.095238095,0.285714286,0.095238095,0,0.238095238,0.047619048,0.238095238,227,264,53,6,105,42,36,733,0.309686221,0.360163711,0.072305593,0.008185539,0.14324693,0.057298772,0.049113233,222
Sohail Tanvir,29,6,14,2,0,3,1,3,0.206896552,0.482758621,0.068965517,0,0.103448276,0.034482759,0.103448276,99,86,15,0,27,7,22,256,0.38671875,0.3359375,0.05859375,0,0.10546875,0.02734375,0.0859375,222
Stephen Fleming,165,71,42,11,2,27,3,9,0.43030303,0.254545455,0.066666667,0.012121212,0.163636364,0.018181818,0.054545455,0,0,0,0,0,0,0,0,0,0,0,0,0,0,0,222
Shreewats Goswami,291,110,110,17,1,32,3,18,0.378006873,0.378006873,0.058419244,0.003436426,0.109965636,0.010309278,0.06185567,0,0,0,0,0,0,0,0,0,0,0,0,0,0,0,222
Sheldon Jackson,31,8,14,2,0,5,0,2,0.258064516,0.451612903,0.064516129,0,0.161290323,0,0.064516129,0,0,0,0,0,0,0,0,0,0,0,0,0,0,0,222
Sunil Narine,457,163,97,15,1,93,44,44,0.356673961,0.212253829,0.032822757,0.002188184,0.203501094,0.096280088,0.096280088,916,1018,176,6,220,92,122,2550,0.359215686,0.399215686,0.069019608,0.002352941,0.08627451,0.036078431,0.047843137,18
Steve Smith,1568,426,716,137,6,180,49,54,0.271683673,0.456632653,0.087372449,0.003826531,0.114795918,0.03125,0.034438776,0,1,0,0,1,0,0,2,0,0.5,0,0,0.5,0,0,19
Sachin Tendulkar,1948,709,721,117,7,296,29,69,0.363963039,0.370123203,0.060061602,0.003593429,0.151950719,0.014887064,0.035420945,4,22,3,0,6,1,0,36,0.111111111,0.611111111,0.083333333,0,0.166666667,0.027777778,0,222
Shane Watson,2563,940,849,132,8,343,177,114,0.366757706,0.331252439,0.051502146,0.003121342,0.133827546,0.069059696,0.044479126,711,781,133,6,292,74,92,2089,0.340354236,0.373863092,0.063666826,0.002872188,0.139779799,0.035423648,0.044040211,4
Shreyas Iyer,1323,442,543,66,1,149,67,55,0.334089191,0.410430839,0.049886621,0.000755858,0.112622827,0.050642479,0.041572184,0,0,0,0,0,0,0,0,0,0,0,0,0,0,0,11
Saurabh Tiwary,1067,336,464,82,2,93,45,45,0.314901593,0.434864105,0.076850984,0.001874414,0.087160262,0.042174321,0.042174321,0,0,0,0,0,0,0,0,0,0,0,0,0,0,0,5
Sanath Jayasuriya,531,223,128,22,7,84,39,28,0.419962335,0.241054614,0.041431262,0.013182674,0.15819209,0.073446328,0.052730697,70,154,21,0,22,16,13,296,0.236486486,0.52027027,0.070945946,0,0.074324324,0.054054054,0.043918919,222
Stuart Binny,683,205,263,61,7,66,35,46,0.300146413,0.385065886,0.089311859,0.010248902,0.096632504,0.05124451,0.067349927,177,268,47,3,76,14,22,607,0.291598023,0.441515651,0.077429984,0.004942339,0.125205931,0.02306425,0.036243822,2
Sunny Gupta,1,0,0,0,0,0,0,1,0,0,0,0,0,0,1,0,11,1,0,4,3,0,19,0,0.578947368,0.052631579,0,0.210526316,0.157894737,0,222
Sunny Singh,31,8,11,1,0,6,1,4,0.258064516,0.35483871,0.032258065,0,0.193548387,0.032258065,0.129032258,0,0,0,0,0,0,0,0,0,0,0,0,0,0,0,222
Sanju Samson,1696,517,696,133,11,170,89,80,0.304834906,0.410377358,0.078419811,0.006485849,0.100235849,0.052476415,0.047169811,0,0,0,0,0,0,0,0,0,0,0,0,0,0,0,6
Sam Billings,250,66,99,24,1,31,10,19,0.264,0.396,0.096,0.004,0.124,0.04,0.076,0,0,0,0,0,0,0,0,0,0,0,0,0,0,0,222
Shaun Tait,26,8,13,0,0,1,1,3,0.307692308,0.5,0,0,0.038461538,0.038461538,0.115384615,177,191,32,1,70,12,23,506,0.349802372,0.377470356,0.063241107,0.001976285,0.138339921,0.023715415,0.045454545,222
Swapnil Singh,20,7,8,2,0,0,0,3,0.35,0.4,0.1,0,0,0,0.15,9,38,6,0,1,6,1,61,0.147540984,0.62295082,0.098360656,0,0.016393443,0.098360656,0.016393443,222
Tom Curran,28,11,11,0,0,3,0,3,0.392857143,0.392857143,0,0,0.107142857,0,0.107142857,9,28,6,0,6,9,6,64,0.140625,0.4375,0.09375,0,0.09375,0.140625,0.09375,222
Tatenda Taibu,26,6,9,5,0,3,0,3,0.230769231,0.346153846,0.192307692,0,0.115384615,0,0.115384615,0,0,0,0,0,0,0,0,0,0,0,0,0,0,0,222
Trent Boult,14,7,2,2,0,0,1,2,0.5,0.142857143,0.142857143,0,0,0.071428571,0.142857143,252,282,48,3,125,38,38,786,0.320610687,0.358778626,0.061068702,0.003816794,0.159033079,0.048346056,0.048346056,5
Tim Paine,26,14,10,0,0,0,0,2,0.538461538,0.384615385,0,0,0,0,0.076923077,0,0,0,0,0,0,0,0,0,0,0,0,0,0,0,222
Tim Southee,89,25,34,10,0,8,4,8,0.280898876,0.382022472,0.112359551,0,0.08988764,0.04494382,0.08988764,300,327,71,9,135,42,28,912,0.328947368,0.358552632,0.077850877,0.009868421,0.148026316,0.046052632,0.030701754,222
Tirumala Setty Suman,575,211,205,43,3,55,26,32,0.366956522,0.356521739,0.074782609,0.005217391,0.095652174,0.045217391,0.055652174,37,75,15,0,8,10,6,151,0.245033113,0.496688742,0.099337748,0,0.052980132,0.066225166,0.039735099,222
Tilakaratne Dilshan,1007,409,335,54,2,140,24,43,0.406156902,0.332671301,0.053624628,0.001986097,0.139026812,0.023833168,0.042701092,74,137,14,1,27,15,5,273,0.271062271,0.501831502,0.051282051,0.003663004,0.098901099,0.054945055,0.018315018,222
Travis Head,148,33,67,21,0,12,8,7,0.222972973,0.452702703,0.141891892,0,0.081081081,0.054054054,0.047297297,5,27,6,0,3,5,2,48,0.104166667,0.5625,0.125,0,0.0625,0.104166667,0.041666667,19
Travis Birt,58,21,15,6,0,9,2,5,0.362068966,0.25862069,0.103448276,0,0.155172414,0.034482759,0.086206897,0,0,0,0,0,0,0,0,0,0,0,0,0,0,0,222
Tymal Mills,11,5,2,0,0,0,1,3,0.454545455,0.181818182,0,0,0,0.090909091,0.272727273,36,37,6,1,15,6,5,106,0.339622642,0.349056604,0.056603774,0.009433962,0.141509434,0.056603774,0.047169811,222
Unmukt Chand,300,136,88,15,0,32,9,20,0.453333333,0.293333333,0.05,0,0.106666667,0.03,0.066666667,0,0,0,0,0,0,0,0,0,0,0,0,0,0,0,222
Umar Gul,19,5,5,0,0,1,5,3,0.263157895,0.263157895,0,0,0.052631579,0.263157895,0.157894737,39,59,13,0,16,5,12,144,0.270833333,0.409722222,0.090277778,0,0.111111111,0.034722222,0.083333333,222
Usman Khawaja,100,32,38,6,1,14,3,6,0.32,0.38,0.06,0.01,0.14,0.03,0.06,0,0,0,0,0,0,0,0,0,0,0,0,0,0,0,222
Umesh Yadav,126,48,46,4,0,11,4,13,0.380952381,0.365079365,0.031746032,0,0.087301587,0.031746032,0.103174603,822,929,152,15,381,111,119,2529,0.325029656,0.367338869,0.060102807,0.005931198,0.150652432,0.043890866,0.047054172,222
Virat Kohli,4112,1269,1725,292,11,481,191,143,0.308608949,0.419503891,0.071011673,0.002675097,0.116974708,0.046449416,0.034776265,48,145,28,0,24,11,4,260,0.184615385,0.557692308,0.107692308,0,0.092307692,0.042307692,0.015384615,11
Veer Pratap Singh,1,0,0,0,0,0,0,1,0,0,0,0,0,0,1,61,80,13,2,31,10,10,207,0.29468599,0.38647343,0.062801932,0.009661836,0.149758454,0.048309179,0.048309179,222
Virender Sehwag,1755,560,558,96,2,334,106,99,0.319088319,0.317948718,0.054700855,0.001139601,0.19031339,0.06039886,0.056410256,38,54,4,0,18,16,6,136,0.279411765,0.397058824,0.029411765,0,0.132352941,0.117647059,0.044117647,222
Vijay Shankar,416,102,200,37,1,34,24,18,0.245192308,0.480769231,0.088942308,0.002403846,0.081730769,0.057692308,0.043269231,21,43,6,0,14,6,2,92,0.22826087,0.467391304,0.065217391,0,0.152173913,0.065217391,0.02173913,18
Vishnu Vinod,26,12,9,0,0,1,1,3,0.461538462,0.346153846,0,0,0.038461538,0.038461538,0.115384615,0,0,0,0,0,0,0,0,0,0,0,0,0,0,0,222
Varun Aaron,62,29,21,4,0,2,2,4,0.467741935,0.338709677,0.064516129,0,0.032258065,0.032258065,0.064516129,320,335,56,8,142,46,42,949,0.33719705,0.353003161,0.059009484,0.008429926,0.149631191,0.048472076,0.044257113,222
VRV Singh,3,0,0,0,0,1,0,2,0,0,0,0,0.333333333,0,0.666666667,102,142,31,3,58,15,12,363,0.280991736,0.391184573,0.085399449,0.008264463,0.159779614,0.041322314,0.033057851,222
VVS Laxman,267,100,100,10,0,33,5,19,0.374531835,0.374531835,0.037453184,0,0.123595506,0.018726592,0.071161049,0,0,0,0,0,0,0,0,0,0,0,0,0,0,0,222
Washington Sundar,53,16,14,7,1,5,4,6,0.301886792,0.264150943,0.132075472,0.018867925,0.094339623,0.075471698,0.113207547,112,154,14,0,30,24,16,350,0.32,0.44,0.04,0,0.085714286,0.068571429,0.045714286,27
Wayne Parnell,75,25,31,5,0,4,1,9,0.333333333,0.413333333,0.066666667,0,0.053333333,0.013333333,0.12,215,211,37,0,80,11,26,580,0.370689655,0.363793103,0.063793103,0,0.137931034,0.018965517,0.044827586,222
Wriddhiman Saha,1346,405,529,115,4,160,59,74,0.30089153,0.393016345,0.085438336,0.002971768,0.118870728,0.043833581,0.054977712,0,0,0,0,0,0,0,0,0,0,0,0,0,0,0,45
Yashpal Singh,66,34,20,2,1,5,0,4,0.515151515,0.303030303,0.03030303,0.015151515,0.075757576,0,0.060606061,0,0,0,0,0,0,0,0,0,0,0,0,0,0,0,222
Yusuf Pathan,2241,673,877,155,5,262,159,110,0.300312361,0.39134315,0.069165551,0.002231147,0.116912093,0.070950469,0.04908523,351,548,56,4,99,57,42,1157,0.303370787,0.473638721,0.048401037,0.003457217,0.085566119,0.049265341,0.036300778,97
Younis Khan,7,3,3,0,0,0,0,1,0.428571429,0.428571429,0,0,0,0,0.142857143,0,0,0,0,0,0,0,0,0,0,0,0,0,0,0,222
Yuzvendra Chahal,48,25,16,1,1,0,0,5,0.520833333,0.333333333,0.020833333,0.020833333,0,0,0.104166667,539,789,121,6,135,119,100,1809,0.297954671,0.43615257,0.066887783,0.00331675,0.074626866,0.0657822,0.05527916,5
Yuvraj Singh,2120,780,741,119,3,217,149,111,0.367924528,0.349528302,0.056132075,0.001415094,0.102358491,0.070283019,0.052358491,222,435,74,4,59,41,36,871,0.254879449,0.499425947,0.084959816,0.004592423,0.067738232,0.047072331,0.041331803,222
Zaheer Khan,141,60,47,7,0,11,2,14,0.425531915,0.333333333,0.04964539,0,0.078014184,0.014184397,0.09929078,771,813,145,9,312,64,102,2216,0.347924188,0.366877256,0.065433213,0.004061372,0.140794224,0.028880866,0.046028881,222
Andrew Flintoff,0,0,0,0,0,0,0,0,0,0,0,0,0,0,0,18,27,4,0,7,7,2,65,0.276923077,0.415384615,0.061538462,0,0.107692308,0.107692308,0.030769231,222
Alzari Joseph,0,0,0,0,0,0,0,0,0,0,0,0,0,0,0,17,13,2,0,10,5,6,53,0.320754717,0.245283019,0.037735849,0,0.188679245,0.094339623,0.113207547,222
Anand Rajan,0,0,0,0,0,0,0,0,0,0,0,0,0,0,0,49,65,10,0,17,8,8,157,0.312101911,0.414012739,0.063694268,0,0.108280255,0.050955414,0.050955414,222
Brett Geeves,0,0,0,0,0,0,0,0,0,0,0,0,0,0,0,14,15,1,0,17,1,1,49,0.285714286,0.306122449,0.020408163,0,0.346938776,0.020408163,0.020408163,222
Benjamin William Hilfenhaus,0,0,0,0,0,0,0,0,0,0,0,0,0,0,0,151,115,20,2,48,21,22,379,0.398416887,0.303430079,0.052770449,0.005277045,0.126649077,0.055408971,0.058047493,222
David Willey,0,0,0,0,0,0,0,0,0,0,0,0,0,0,0,17,23,3,0,12,3,2,60,0.283333333,0.383333333,0.05,0,0.2,0.05,0.033333333,222
Doug Bollinger,0,0,0,0,0,0,0,0,0,0,0,0,0,0,0,217,200,33,2,73,19,37,581,0.373493976,0.344234079,0.056798623,0.003442341,0.125645439,0.032702238,0.063683305,222
Gagandeep Singh,0,0,0,0,0,0,0,0,0,0,0,0,0,0,0,22,27,11,0,14,6,3,83,0.265060241,0.325301205,0.13253012,0,0.168674699,0.072289157,0.036144578,222
Gurinder Sandhu,0,0,0,0,0,0,0,0,0,0,0,0,0,0,0,8,18,10,0,8,2,1,47,0.170212766,0.382978723,0.212765957,0,0.170212766,0.042553191,0.021276596,222
Jason Behrendorff,0,0,0,0,0,0,0,0,0,0,0,0,0,0,0,46,31,5,0,19,8,5,114,0.403508772,0.271929825,0.043859649,0,0.166666667,0.070175439,0.043859649,222
Junior Dala,0,0,0,0,0,0,0,0,0,0,0,0,0,0,0,7,4,3,0,3,2,0,19,0.368421053,0.210526316,0.157894737,0,0.157894737,0.105263158,0,222
Kulwant Khejroliya,0,0,0,0,0,0,0,0,0,0,0,0,0,0,0,22,50,4,0,9,10,3,98,0.224489796,0.510204082,0.040816327,0,0.091836735,0.102040816,0.030612245,222
Lungisani Ngidi,0,0,0,0,0,0,0,0,0,0,0,0,0,0,0,63,62,3,0,13,6,11,158,0.398734177,0.392405063,0.018987342,0,0.082278481,0.037974684,0.069620253,10
Merchant de Lange,0,0,0,0,0,0,0,0,0,0,0,0,0,0,0,34,43,5,1,21,4,5,113,0.300884956,0.380530973,0.044247788,0.008849558,0.185840708,0.03539823,0.044247788,222
Michael Neser,0,0,0,0,0,0,0,0,0,0,0,0,0,0,0,5,7,2,1,6,4,0,25,0.2,0.28,0.08,0.04,0.24,0.16,0,222
Matt Henry,0,0,0,0,0,0,0,0,0,0,0,0,0,0,0,6,11,1,0,7,5,1,31,0.193548387,0.35483871,0.032258065,0,0.225806452,0.161290323,0.032258065,222
Oshane Thomas,0,0,0,0,0,0,0,0,0,0,0,0,0,0,0,12,27,2,2,9,1,5,58,0.206896552,0.465517241,0.034482759,0.034482759,0.155172414,0.017241379,0.086206897,222
Rahul Sharma,0,0,0,0,0,0,0,0,0,0,0,0,0,0,0,294,419,54,3,70,45,40,925,0.317837838,0.452972973,0.058378378,0.003243243,0.075675676,0.048648649,0.043243243,222
Ramesh Powar,0,0,0,0,0,0,0,0,0,0,0,0,0,0,0,153,175,29,4,41,18,13,433,0.35334873,0.404157044,0.066974596,0.009237875,0.094688222,0.041570439,0.030023095,222
Scott kuggeleijn,0,0,0,0,0,0,0,0,0,0,0,0,0,0,0,15,19,5,0,6,3,2,50,0.3,0.38,0.1,0,0.12,0.06,0.04,222
Sachin Warrior,0,0,0,0,0,0,0,0,0,0,0,0,0,0,0,27,29,3,0,8,3,2,72,0.375,0.402777778,0.041666667,0,0.111111111,0.041666667,0.027777778,222
Sourav Ganguly,0,0,0,0,0,0,0,0,0,0,0,0,0,0,0,65,140,18,1,25,14,10,273,0.238095238,0.512820513,0.065934066,0.003663004,0.091575092,0.051282051,0.036630037,222
Scott Boland,0,0,0,0,0,0,0,0,0,0,0,0,0,0,0,12,18,3,0,6,1,2,42,0.285714286,0.428571429,0.071428571,0,0.142857143,0.023809524,0.047619048,222
Sowmya Sarkar,0,0,0,0,0,0,0,0,0,0,0,0,0,0,0,3,16,1,0,4,0,1,25,0.12,0.64,0.04,0,0.16,0,0.04,222
T Natarajan,0,0,0,0,0,0,0,0,0,0,0,0,0,0,0,22,38,4,1,9,5,2,81,0.271604938,0.469135802,0.049382716,0.012345679,0.111111111,0.061728395,0.024691358,222
Tarbaiz Shamsi,0,0,0,0,0,0,0,0,0,0,0,0,0,0,0,23,39,7,0,13,7,3,92,0.25,0.423913043,0.076086957,0,0.141304348,0.076086957,0.032608696,222
Varun Chakravarthy,0,0,0,0,0,0,0,0,0,0,0,0,0,0,0,7,3,1,0,3,3,1,18,0.388888889,0.166666667,0.055555556,0,0.166666667,0.166666667,0.055555556,222
