batsman,balls_Faced,dots,singles,doubles,triples,fours,sixes,wickets,dot_prob,sing_prob,doub_prob,trip_prop,four_prob,six_prob,wkt_prob
Akhila Dhananjaya,5,2,2,1,0,0,0,0,0.4,0.4,0.2,0.0,0.0,0.0,0.0
Andrew Flintoff ,53,18,23,2,1,5,2,2,0.33962264150943394,0.4339622641509434,0.03773584905660377,0.018867924528301886,0.09433962264150944,0.03773584905660377,0.03773584905660377
Alex Hales,118,41,44,8,0,13,6,6,0.3474576271186441,0.3728813559322034,0.06779661016949153,0.0,0.11016949152542373,0.05084745762711865,0.05084745762711865
Alzari Joseph ,13,6,3,2,0,2,0,0,0.4615384615384616,0.2307692307692308,0.15384615384615385,0.0,0.15384615384615385,0.0,0.0
Anil kumble,47,19,21,1,0,3,0,3,0.40425531914893614,0.44680851063829785,0.02127659574468085,0.0,0.06382978723404255,0.0,0.06382978723404255
Amit Mishra,389,130,172,22,0,29,5,31,0.3341902313624679,0.442159383033419,0.05655526992287916,0.0,0.07455012853470437,0.012853470437017995,0.07969151670951156
Abhimanyu Mithun,26,6,8,2,0,4,1,5,0.2307692307692308,0.3076923076923077,0.07692307692307693,0.0,0.15384615384615385,0.038461538461538464,0.19230769230769232
Abhinav Mukund,22,6,11,2,0,1,0,2,0.2727272727272727,0.5,0.09090909090909093,0.0,0.045454545454545456,0.0,0.09090909090909093
Aashish Nehra,62,29,21,1,0,3,1,7,0.4677419354838709,0.3387096774193548,0.016129032258064516,0.0,0.04838709677419355,0.016129032258064516,0.1129032258064516
Andrew Symonds,750,250,288,66,4,74,41,27,0.3333333333333333,0.384,0.08800000000000001,0.005333333333333333,0.09866666666666668,0.05466666666666667,0.036000000000000004
Ashton Turner,10,4,3,0,0,0,0,3,0.4,0.3,0.0,0.0,0.0,0.0,0.3
Adam Zampa,8,4,1,0,0,1,0,2,0.5,0.125,0.0,0.0,0.125,0.0,0.25
Ajit Agarkar,154,44,67,15,0,13,5,10,0.2857142857142857,0.43506493506493504,0.0974025974025974,0.0,0.08441558441558443,0.032467532467532464,0.06493506493506493
AB de Villiers,2907,783,1210,220,15,357,212,110,0.2693498452012384,0.4162366701066392,0.07567939456484347,0.0051599587203302365,0.12280701754385966,0.07292741658066736,0.03783969728242174
Ashok Dinda,48,19,16,1,0,2,0,10,0.3958333333333333,0.3333333333333333,0.02083333333333333,0.0,0.04166666666666666,0.0,0.20833333333333331
Abdur Razzak,2,2,0,0,0,0,0,0,1.0,0.0,0.0,0.0,0.0,0.0,0.0
Aiden Blizzard,90,40,17,2,1,21,2,7,0.4444444444444444,0.18888888888888888,0.022222222222222227,0.011111111111111113,0.2333333333333333,0.022222222222222227,0.07777777777777778
Adam Gilchrist,1495,601,417,66,4,239,92,76,0.4020066889632107,0.27892976588628765,0.04414715719063545,0.0026755852842809363,0.15986622073578596,0.061538461538461535,0.0508361204013378
Adam Voges,143,40,61,18,2,15,3,4,0.2797202797202797,0.42657342657342656,0.1258741258741259,0.013986013986013986,0.1048951048951049,0.02097902097902098,0.02797202797202797
Angelo Mathews,575,152,267,49,3,44,29,31,0.2643478260869565,0.4643478260869565,0.08521739130434783,0.005217391304347826,0.07652173913043478,0.05043478260869565,0.05391304347826087
Andre Russell,752,229,234,31,0,96,120,42,0.3045212765957447,0.3111702127659575,0.041223404255319146,0.0,0.1276595744680851,0.1595744680851064,0.05585106382978723
Adam Milne,12,4,5,1,0,0,0,2,0.3333333333333333,0.4166666666666667,0.08333333333333333,0.0,0.0,0.0,0.16666666666666666
Aaron Finch,1329,477,456,83,3,176,67,67,0.35891647855530473,0.3431151241534989,0.062452972159518436,0.002257336343115124,0.13243039879608728,0.05041384499623777,0.05041384499623777
Andrew Tye,70,23,22,6,1,6,4,8,0.32857142857142857,0.3142857142857143,0.08571428571428573,0.014285714285714284,0.08571428571428573,0.057142857142857134,0.11428571428571427
Abhishek Nayar.,576,185,230,47,1,55,20,38,0.3211805555555556,0.3993055555555556,0.08159722222222222,0.001736111111111111,0.0954861111111111,0.034722222222222224,0.06597222222222222
Ajinkya Rahane,3136,1023,1289,214,15,405,74,116,0.32621173469387754,0.41103316326530615,0.06823979591836735,0.004783163265306122,0.1291454081632653,0.023596938775510203,0.03698979591836735
Anirudh Singh,66,27,23,5,0,6,1,4,0.4090909090909091,0.3484848484848485,0.07575757575757576,0.0,0.09090909090909093,0.015151515151515154,0.060606060606060615
Ankit Sharma,109,27,43,9,0,11,9,10,0.24770642201834864,0.3944954128440367,0.08256880733944955,0.0,0.10091743119266056,0.08256880733944955,0.09174311926605504
Ankit Soni,9,5,1,0,0,0,1,2,0.5555555555555556,0.1111111111111111,0.0,0.0,0.0,0.1111111111111111,0.2222222222222222
Anureet Singh,47,18,22,0,0,2,1,4,0.3829787234042553,0.4680851063829787,0.0,0.0,0.0425531914893617,0.02127659574468085,0.0851063829787234
Aditya Tare,273,106,72,19,1,40,11,24,0.3882783882783883,0.2637362637362637,0.0695970695970696,0.0036630036630036634,0.14652014652014653,0.040293040293040296,0.08791208791208792
Axar Patel,630,155,304,47,0,47,35,42,0.246031746031746,0.4825396825396826,0.0746031746031746,0.0,0.0746031746031746,0.05555555555555555,0.06666666666666668
Ankit Rajpoot,31,17,7,1,0,2,0,4,0.5483870967741935,0.2258064516129032,0.03225806451612903,0.0,0.06451612903225806,0.0,0.12903225806451613
Ambati Rayudu,2620,795,1157,154,1,278,120,115,0.3034351145038168,0.4416030534351145,0.05877862595419848,0.00038167938931297715,0.10610687022900764,0.04580152671755725,0.04389312977099236
Avesh Khan,3,2,0,0,0,1,0,0,0.6666666666666666,0.0,0.0,0.0,0.3333333333333333,0.0,0.0
Azhar Mahmood,303,97,116,19,0,39,13,19,0.3201320132013201,0.3828382838283829,0.0627062706270627,0.0,0.12871287128712872,0.0429042904290429,0.0627062706270627
Balachandra Akhil,55,18,16,5,0,5,5,6,0.3272727272727273,0.2909090909090909,0.09090909090909093,0.0,0.09090909090909093,0.09090909090909093,0.10909090909090907
Bharat Chipli,251,90,100,7,4,28,7,15,0.35856573705179284,0.398406374501992,0.027888446215139442,0.01593625498007968,0.11155378486055777,0.027888446215139442,0.059760956175298814
Bhuvneshwar Kumar,192,65,69,14,0,17,3,24,0.3385416666666667,0.359375,0.07291666666666667,0.0,0.08854166666666667,0.015625,0.125
Ben Laughlin,13,6,5,0,0,0,0,2,0.4615384615384616,0.38461538461538464,0.0,0.0,0.0,0.0,0.15384615384615385
Brett Lee,97,31,36,4,0,8,8,10,0.31958762886597936,0.3711340206185567,0.041237113402061855,0.0,0.08247422680412371,0.08247422680412371,0.10309278350515463
Billy Stanlake,2,0,1,0,0,1,0,0,0.0,0.5,0.0,0.0,0.5,0.0,0.0
Bodapati Sumanth,37,13,17,3,0,3,0,1,0.35135135135135137,0.4594594594594595,0.08108108108108109,0.0,0.08108108108108109,0.0,0.027027027027027032
Bhargav Bhatt,7,5,0,0,0,0,1,1,0.7142857142857143,0.0,0.0,0.0,0.0,0.14285714285714285,0.14285714285714285
Ben Stokes,481,119,221,43,2,43,25,28,0.2474012474012474,0.4594594594594595,0.0893970893970894,0.004158004158004158,0.0893970893970894,0.05197505197505198,0.058212058212058215
Basil Thampi,35,13,16,3,0,1,1,1,0.37142857142857133,0.4571428571428571,0.08571428571428573,0.0,0.028571428571428567,0.028571428571428567,0.028571428571428567
Ajantha Mendis,6,1,3,0,0,0,0,2,0.16666666666666666,0.5,0.0,0.0,0.0,0.0,0.3333333333333333
Brendon McCullum,2186,840,713,103,3,293,130,104,0.3842634949679781,0.3261665141811528,0.04711802378774017,0.0013723696248856359,0.13403476669716374,0.059469350411710885,0.04757548032936871
Biplab Samantray,113,40,45,8,0,13,2,5,0.3539823008849557,0.3982300884955752,0.07079646017699115,0.0,0.11504424778761063,0.017699115044247787,0.04424778761061947
Barinder Sran,14,4,8,1,0,0,0,1,0.2857142857142857,0.5714285714285714,0.07142857142857142,0.0,0.0,0.0,0.07142857142857142
Ben Cutting,141,42,44,10,0,15,19,11,0.2978723404255319,0.3120567375886525,0.07092198581560284,0.0,0.10638297872340426,0.1347517730496454,0.07801418439716312
Beuran Hendricks,3,1,1,0,0,0,0,1,0.3333333333333333,0.3333333333333333,0.0,0.0,0.0,0.0,0.3333333333333333
Bipul Sharma,123,25,51,19,0,11,9,8,0.2032520325203252,0.4146341463414634,0.15447154471544716,0.0,0.08943089430894309,0.07317073170731707,0.06504065040650407
Brad Haddin,11,4,2,1,0,2,1,1,0.3636363636363637,0.18181818181818185,0.09090909090909093,0.0,0.18181818181818185,0.09090909090909093,0.09090909090909093
Brad Hodge,1118,362,452,89,8,122,43,42,0.3237924865831843,0.4042933810375671,0.07960644007155633,0.007155635062611806,0.10912343470483003,0.038461538461538464,0.03756708407871199
Ben Rohrer,140,45,48,14,1,21,5,6,0.32142857142857145,0.3428571428571429,0.1,0.0071428571428571435,0.15,0.03571428571428571,0.042857142857142864
Jeevan Mendis,27,5,15,4,0,0,0,3,0.1851851851851852,0.5555555555555556,0.14814814814814814,0.0,0.0,0.0,0.1111111111111111
Ben Dunk,35,16,6,3,0,7,0,3,0.4571428571428571,0.17142857142857146,0.08571428571428573,0.0,0.2,0.0,0.08571428571428573
Colin de Grandhomme,225,67,91,16,0,18,18,15,0.2977777777777777,0.4044444444444445,0.07111111111111111,0.0,0.08,0.08,0.06666666666666668
Colin Ingram,154,53,58,8,0,20,5,10,0.34415584415584416,0.37662337662337664,0.05194805194805195,0.0,0.12987012987012986,0.032467532467532464,0.06493506493506493
Colin Munro,141,53,45,4,0,19,8,12,0.375886524822695,0.3191489361702128,0.02836879432624113,0.0,0.1347517730496454,0.056737588652482275,0.0851063829787234
Colin Ingram,26,10,11,1,0,2,0,2,0.38461538461538464,0.4230769230769231,0.038461538461538464,0.0,0.07692307692307693,0.0,0.07692307692307693
Chris Lynn,911,336,302,44,0,128,63,38,0.36882546652030734,0.3315038419319429,0.048298572996706916,0.0,0.14050493962678376,0.06915477497255762,0.04171240395170143
Chris Gayle,2970,1200,884,80,3,369,326,108,0.404040404040404,0.29764309764309765,0.02693602693602693,0.0010101010101010099,0.12424242424242425,0.10976430976430976,0.03636363636363636
Chris Morris,328,73,138,33,1,37,27,19,0.2225609756097561,0.4207317073170732,0.10060975609756098,0.003048780487804878,0.11280487804878048,0.08231707317073171,0.057926829268292686
Corey Anderson,423,165,139,25,1,40,31,22,0.3900709219858156,0.32860520094562645,0.0591016548463357,0.0023640661938534283,0.09456264775413713,0.07328605200945626,0.05200945626477541
Chris Jordan,5,1,1,1,0,0,0,2,0.2,0.2,0.2,0.0,0.0,0.0,0.4
Clint Mckay,15,7,6,1,0,0,0,1,0.4666666666666667,0.4,0.06666666666666668,0.0,0.0,0.0,0.06666666666666668
Cameron White,755,224,334,47,2,76,36,36,0.29668874172185433,0.4423841059602649,0.06225165562913908,0.0026490066225165567,0.10066225165562914,0.04768211920529802,0.04768211920529802
Carlos Brathwaite,111,31,37,4,0,10,16,13,0.2792792792792793,0.3333333333333333,0.036036036036036036,0.0,0.09009009009009007,0.14414414414414414,0.11711711711711713
Chris Woakes,66,25,25,3,0,5,2,6,0.3787878787878788,0.3787878787878788,0.045454545454545456,0.0,0.07575757575757576,0.030303030303030307,0.09090909090909093
Dhruv Shorey,17,7,7,0,0,0,1,2,0.4117647058823529,0.4117647058823529,0.0,0.0,0.0,0.05882352941176471,0.1176470588235294
Darcy Short,99,38,35,3,0,11,5,7,0.3838383838383838,0.35353535353535354,0.030303030303030307,0.0,0.1111111111111111,0.0505050505050505,0.0707070707070707
David Wiese,90,21,43,6,0,12,4,4,0.2333333333333333,0.4777777777777778,0.06666666666666668,0.0,0.13333333333333333,0.04444444444444445,0.04444444444444445
David Miller,1334,369,570,126,1,127,87,54,0.2766116941529235,0.4272863568215892,0.0944527736131934,0.0007496251874062968,0.0952023988005997,0.06521739130434782,0.040479760119940034
David Warner,3304,1077,1192,270,17,458,181,109,0.3259685230024213,0.3607748184019369,0.08171912832929783,0.005145278450363196,0.13861985472154964,0.054782082324455215,0.032990314769975784
Doug Bollinger ,23,10,9,1,0,1,1,1,0.43478260869565216,0.39130434782608703,0.043478260869565216,0.0,0.043478260869565216,0.043478260869565216,0.043478260869565216
Dwayne Bravo,1156,376,430,104,5,116,61,64,0.32525951557093424,0.3719723183391003,0.08996539792387544,0.0043252595155709355,0.10034602076124567,0.0527681660899654,0.05536332179930796
Deepak Hooda,413,97,188,41,1,27,24,35,0.2348668280871671,0.4552058111380145,0.099273607748184,0.0024213075060532693,0.06537530266343826,0.05811138014527845,0.0847457627118644
David Hussey,1075,350,452,72,2,90,60,49,0.32558139534883723,0.4204651162790698,0.06697674418604653,0.0018604651162790694,0.08372093023255814,0.055813953488372085,0.045581395348837206
Darren Sammy,241,83,94,15,1,15,18,15,0.34439834024896265,0.3900414937759336,0.06224066390041494,0.004149377593360996,0.06224066390041494,0.07468879668049792,0.06224066390041494
Deepak Chahar,44,7,19,4,0,2,6,6,0.1590909090909091,0.4318181818181818,0.09090909090909093,0.0,0.045454545454545456,0.13636363636363635,0.13636363636363635
Daniel Vettori,113,33,54,4,1,11,2,8,0.2920353982300885,0.4778761061946903,0.035398230088495575,0.008849557522123894,0.09734513274336284,0.017699115044247787,0.07079646017699115
Darren Bravo,5,2,2,0,0,1,0,0,0.4,0.4,0.0,0.0,0.2,0.0,0.0
Dwayne Smith,1763,709,521,84,3,245,117,84,0.4021554169030062,0.2955190017016449,0.0476460578559274,0.0017016449234259785,0.13896766874645491,0.06636415201361316,0.0476460578559274
Dhawal Kulkarni,106,36,44,7,1,7,2,9,0.33962264150943394,0.4150943396226415,0.0660377358490566,0.009433962264150943,0.0660377358490566,0.018867924528301886,0.08490566037735849
Daniel Christian,374,97,180,29,2,22,19,25,0.25935828877005346,0.481283422459893,0.07754010695187166,0.0053475935828877,0.05882352941176471,0.050802139037433164,0.06684491978609626
Dale Steyn,158,46,54,19,0,14,3,22,0.2911392405063291,0.34177215189873417,0.12025316455696206,0.0,0.08860759493670886,0.0189873417721519,0.13924050632911392
Evin Lewis,328,136,100,12,2,36,26,16,0.4146341463414634,0.3048780487804878,0.03658536585365853,0.006097560975609756,0.1097560975609756,0.07926829268292683,0.04878048780487805
Eoin Morgan,705,252,255,49,3,72,34,40,0.3574468085106383,0.3617021276595745,0.06950354609929077,0.00425531914893617,0.10212765957446808,0.04822695035460993,0.056737588652482275
Eklavya Dwivedi,14,4,4,0,0,2,2,2,0.2857142857142857,0.2857142857142857,0.0,0.0,0.14285714285714285,0.14285714285714285,0.14285714285714285
Farhaan Behardien,13,3,6,0,0,2,0,2,0.2307692307692308,0.4615384615384616,0.0,0.0,0.15384615384615385,0.0,0.15384615384615385
Faf du Plessis,1460,450,630,90,9,163,59,59,0.3082191780821918,0.4315068493150685,0.06164383561643835,0.0061643835616438354,0.11164383561643837,0.04041095890410959,0.04041095890410959
Fidel Edwards,5,2,1,0,1,0,0,1,0.4,0.2,0.0,0.2,0.0,0.0,0.2
Faiz Fazal,173,58,75,7,0,22,1,10,0.3352601156069364,0.4335260115606937,0.04046242774566474,0.0,0.12716763005780346,0.005780346820809247,0.05780346820809248
Gautam Gambhir,3404,1101,1352,249,15,492,59,136,0.3234430082256169,0.3971797884841363,0.07314923619271445,0.004406580493537014,0.1445358401880141,0.017332549941245598,0.0399529964747356
Brad Hogg,22,2,14,2,0,1,0,3,0.09090909090909093,0.6363636363636364,0.09090909090909093,0.0,0.045454545454545456,0.0,0.13636363636363635
Graeme Smith,668,271,228,39,1,94,9,26,0.405688622754491,0.3413173652694611,0.05838323353293413,0.0014970059880239524,0.1407185628742515,0.013473053892215571,0.03892215568862276
Glenn McGrath,5,3,0,0,0,1,0,1,0.6,0.0,0.0,0.0,0.2,0.0,0.2
Hanuma Vihari,313,114,133,23,1,23,1,18,0.36421725239616615,0.4249201277955272,0.07348242811501597,0.003194888178913738,0.07348242811501597,0.003194888178913738,0.057507987220447275
George Bailey,544,172,222,44,1,59,19,27,0.3161764705882353,0.4080882352941176,0.08088235294117647,0.0018382352941176468,0.10845588235294118,0.034926470588235295,0.04963235294117647
Glenn Maxwell,867,260,280,64,1,110,91,61,0.29988465974625145,0.3229527104959631,0.07381776239907728,0.0011534025374855825,0.12687427912341406,0.104959630911188,0.07035755478662054
Graham Napier,16,6,5,3,0,1,0,1,0.375,0.3125,0.1875,0.0,0.0625,0.0,0.0625
Gurkeerat Singh,342,94,146,20,0,47,11,24,0.27485380116959063,0.4269005847953216,0.05847953216374269,0.0,0.13742690058479531,0.032163742690058485,0.07017543859649122
Harpreet Brar,12,3,6,0,0,2,1,0,0.25,0.5,0.0,0.0,0.16666666666666666,0.08333333333333333,0.0
Halhadar Das,5,2,2,0,0,0,0,1,0.4,0.4,0.0,0.0,0.0,0.0,0.2
Harry Gurney,5,4,1,0,0,0,0,0,0.8,0.2,0.0,0.0,0.0,0.0,0.0
Heinrich Klaasen,57,14,24,8,0,5,1,5,0.2456140350877193,0.42105263157894735,0.14035087719298245,0.0,0.08771929824561403,0.017543859649122806,0.08771929824561403
Hanuma Vihari,8,2,4,0,0,0,0,2,0.25,0.5,0.0,0.0,0.0,0.0,0.25
Hardus Viljoen,7,3,1,1,0,0,0,2,0.42857142857142855,0.14285714285714285,0.14285714285714285,0.0,0.0,0.0,0.2857142857142857
Harbhajan Singh,600,197,193,34,0,79,42,55,0.3283333333333333,0.32166666666666666,0.05666666666666665,0.0,0.13166666666666665,0.07,0.09166666666666666
Harmeet Singh,12,1,2,2,0,3,0,4,0.08333333333333333,0.16666666666666666,0.16666666666666666,0.0,0.25,0.0,0.3333333333333333
Harpreet Singh,26,6,16,2,0,0,0,2,0.2307692307692308,0.6153846153846154,0.07692307692307693,0.0,0.0,0.0,0.07692307692307693
Herschelle Gibbs,806,348,264,45,3,83,31,32,0.4317617866004963,0.32754342431761785,0.05583126550868486,0.003722084367245658,0.10297766749379653,0.038461538461538464,0.03970223325062035
Hardik Pandya,689,192,276,41,3,72,68,37,0.27866473149492016,0.4005805515239477,0.059506531204644414,0.004354136429608128,0.10449927431059508,0.09869375907111756,0.05370101596516691
Hashim Amla,407,126,164,22,1,60,21,13,0.3095823095823096,0.40294840294840295,0.054054054054054064,0.002457002457002457,0.14742014742014742,0.0515970515970516,0.031941031941031935
Harshal Patel,69,8,35,3,0,3,9,11,0.11594202898550725,0.5072463768115942,0.043478260869565216,0.0,0.043478260869565216,0.13043478260869565,0.15942028985507245
Ishant Sharma,61,25,21,3,0,4,2,6,0.4098360655737705,0.3442622950819672,0.049180327868852465,0.0,0.06557377049180327,0.032786885245901634,0.09836065573770493
Ish Sodhi,17,8,7,0,0,0,0,2,0.4705882352941176,0.4117647058823529,0.0,0.0,0.0,0.0,0.1176470588235294
Irfan Pathan,945,284,406,76,2,87,37,53,0.3005291005291005,0.4296296296296296,0.08042328042328042,0.0021164021164021165,0.09206349206349207,0.03915343915343916,0.056084656084656084
Imran Tahir,27,13,6,1,0,3,0,4,0.4814814814814815,0.2222222222222222,0.037037037037037035,0.0,0.1111111111111111,0.0,0.14814814814814814
Iqbal Abdulla,84,32,34,6,0,9,1,2,0.3809523809523809,0.4047619047619048,0.07142857142857142,0.0,0.10714285714285714,0.011904761904761904,0.023809523809523808
Ishan Kishan,531,192,181,27,0,64,34,33,0.3615819209039548,0.3408662900188324,0.05084745762711865,0.0,0.12052730696798493,0.064030131826742,0.062146892655367235
Jofra Archer,61,15,24,5,0,6,4,7,0.2459016393442623,0.3934426229508197,0.08196721311475409,0.0,0.09836065573770493,0.06557377049180327,0.11475409836065575
Johnny Bairstow,284,86,103,18,2,49,18,8,0.3028169014084507,0.3626760563380282,0.06338028169014084,0.007042253521126761,0.17253521126760565,0.06338028169014084,0.028169014084507043
Johan Botha,359,113,143,37,2,39,5,20,0.3147632311977716,0.3983286908077994,0.10306406685236767,0.0055710306406685246,0.1086350974930362,0.013927576601671307,0.055710306406685235
Joe Denly,1,0,0,0,0,0,0,1,0.0,0.0,0.0,0.0,0.0,0.0,1.0
Jagadeesha Suchith,47,18,16,5,0,4,2,2,0.3829787234042553,0.3404255319148936,0.10638297872340426,0.0,0.0851063829787234,0.0425531914893617,0.0425531914893617
Jayant Yadav,10,2,6,0,0,0,0,2,0.2,0.6,0.0,0.0,0.0,0.0,0.2
Jos Buttler,919,292,321,64,2,140,61,39,0.3177366702937976,0.3492927094668117,0.06964091403699674,0.002176278563656148,0.15233949945593034,0.06637649619151251,0.042437431991294884
Jesse Ryder,458,164,145,30,3,69,19,28,0.3580786026200873,0.3165938864628821,0.06550218340611354,0.006550218340611353,0.15065502183406113,0.04148471615720524,0.0611353711790393
Jaidev Unadkat,54,16,25,0,0,6,1,6,0.2962962962962963,0.462962962962963,0.0,0.0,0.1111111111111111,0.018518518518518517,0.1111111111111111
Jacob Oram,108,40,46,3,0,6,5,8,0.3703703703703704,0.4259259259259259,0.027777777777777776,0.0,0.05555555555555555,0.04629629629629629,0.07407407407407407
James Neesham,46,22,10,7,0,3,1,3,0.4782608695652174,0.21739130434782608,0.15217391304347827,0.0,0.06521739130434782,0.021739130434782608,0.06521739130434782
James Franklin,301,105,129,22,0,25,9,11,0.3488372093023256,0.42857142857142855,0.07308970099667775,0.0,0.08305647840531563,0.029900332225913626,0.03654485049833888
Jacques Kallis,2221,828,888,113,8,255,44,85,0.37280504277352544,0.3998199009455201,0.05087798289058983,0.0036019810895992796,0.11481314723097705,0.019810895992796042,0.03827104907699234
Jasprit Bumrah,38,12,17,2,0,2,1,4,0.3157894736842105,0.4473684210526316,0.05263157894736842,0.0,0.05263157894736842,0.02631578947368421,0.10526315789473684
Jason Roy,135,50,48,6,0,18,8,5,0.3703703703703704,0.3555555555555556,0.04444444444444445,0.0,0.13333333333333333,0.05925925925925926,0.037037037037037035
Justin Kemp,24,8,9,2,1,1,1,2,0.3333333333333333,0.375,0.08333333333333333,0.04166666666666666,0.04166666666666666,0.04166666666666666,0.08333333333333333
Jason Holder,31,12,6,2,0,4,2,5,0.3870967741935484,0.1935483870967742,0.06451612903225806,0.0,0.12903225806451613,0.06451612903225806,0.16129032258064516
Joginder Sharma,30,6,14,3,0,1,2,4,0.2,0.4666666666666667,0.1,0.0,0.03333333333333333,0.06666666666666668,0.13333333333333333
JP Duminy,1636,467,781,126,6,126,79,51,0.28545232273838633,0.4773838630806846,0.07701711491442542,0.0036674816625916866,0.07701711491442542,0.04828850855745721,0.031173594132029338
James Faulkner,389,103,160,41,1,36,23,25,0.2647814910025707,0.4113110539845759,0.10539845758354756,0.002570694087403599,0.09254498714652956,0.05912596401028278,0.06426735218508997
Khaleel Ahmed,1,0,0,0,0,0,0,1,0.0,0.0,0.0,0.0,0.0,0.0,1.0
Krishnappa Gowtham,83,18,23,9,1,10,10,12,0.21686746987951808,0.27710843373493976,0.10843373493975904,0.012048192771084338,0.12048192771084335,0.12048192771084335,0.14457831325301204
Keemo Paul,24,10,6,1,0,1,1,5,0.4166666666666667,0.25,0.04166666666666666,0.0,0.04166666666666666,0.04166666666666666,0.20833333333333331
Kagiso Rabada,79,32,31,3,0,5,2,6,0.4050632911392405,0.3924050632911392,0.0379746835443038,0.0,0.06329113924050632,0.02531645569620253,0.0759493670886076
Kieron Pollard,1876,589,704,123,7,181,176,96,0.31396588486140725,0.3752665245202559,0.06556503198294243,0.00373134328358209,0.0964818763326226,0.09381663113006396,0.0511727078891258
Kemar Roach,9,2,4,1,0,1,0,1,0.2222222222222222,0.4444444444444444,0.1111111111111111,0.0,0.1111111111111111,0.0,0.1111111111111111
Kumar Sangakkara,1391,455,563,81,5,195,27,65,0.3271028037383177,0.404744787922358,0.0582314881380302,0.003594536304816678,0.14018691588785046,0.019410496046010063,0.04672897196261682
Dinesh Karthik,2813,833,1175,206,6,357,101,135,0.29612513330963386,0.4177035193743335,0.07323142552435123,0.0021329541414859578,0.1269107714184145,0.03590472804834696,0.047991468183434055
Krunal Pandya,610,176,222,53,3,86,35,35,0.28852459016393445,0.3639344262295082,0.08688524590163935,0.004918032786885246,0.14098360655737704,0.05737704918032788,0.05737704918032788
Kyle Abbott,8,2,2,1,1,0,1,1,0.25,0.25,0.125,0.125,0.0,0.125,0.125
Kevon Cooper,68,18,16,8,0,9,8,9,0.2647058823529412,0.2352941176470588,0.1176470588235294,0.0,0.1323529411764706,0.1176470588235294,0.1323529411764706
Karun Nair,1138,380,416,81,5,158,39,59,0.3339191564147627,0.3655536028119508,0.07117750439367311,0.004393673110720564,0.13884007029876974,0.03427065026362039,0.05184534270650264
KL Rahul,1431,450,570,104,3,176,81,47,0.31446540880503143,0.39832285115303984,0.0726764500349406,0.0020964360587002093,0.12299091544374564,0.05660377358490566,0.03284416491963662
Kedar Jadhav,853,249,372,54,1,92,38,47,0.29191090269636577,0.4361078546307151,0.06330597889800703,0.0011723329425556855,0.10785463071512308,0.044548651817116064,0.05509964830011723
Kevin Pietersen,742,247,284,48,4,91,40,28,0.3328840970350404,0.38274932614555257,0.0646900269541779,0.005390835579514825,0.12264150943396225,0.05390835579514825,0.03773584905660377
Kane Williamson,963,267,429,74,4,111,44,34,0.2772585669781931,0.4454828660436137,0.07684319833852545,0.004153686396677051,0.11526479750778815,0.04569055036344756,0.035306334371754934
Kuldeep Yadav,54,23,16,6,0,4,0,5,0.4259259259259259,0.2962962962962963,0.1111111111111111,0.0,0.07407407407407407,0.0,0.0925925925925926
Karn Sharma,274,84,114,22,1,18,14,21,0.30656934306569344,0.4160583941605839,0.08029197080291971,0.0036496350364963507,0.06569343065693431,0.051094890510948905,0.07664233576642336
Kane Richardson,39,14,16,3,0,2,1,3,0.35897435897435903,0.41025641025641024,0.07692307692307693,0.0,0.05128205128205128,0.02564102564102564,0.07692307692307693
Liam Livingstone,48,19,13,2,0,6,5,3,0.3958333333333333,0.2708333333333333,0.04166666666666666,0.0,0.125,0.10416666666666667,0.0625
Liam Plunkett,3,1,1,0,0,0,0,1,0.3333333333333333,0.3333333333333333,0.0,0.0,0.0,0.0,0.3333333333333333
Luke Ronchi,34,18,4,0,0,6,1,5,0.5294117647058824,0.1176470588235294,0.0,0.0,0.17647058823529413,0.029411764705882356,0.14705882352941174
Lockie Ferguson,1,0,1,0,0,0,0,0,0.0,1.0,0.0,0.0,0.0,0.0,0.0
Luke Wright,60,14,20,2,0,16,3,5,0.2333333333333333,0.3333333333333333,0.03333333333333333,0.0,0.26666666666666666,0.05,0.08333333333333333
Lendyl Simmons,852,349,269,52,2,109,44,27,0.4096244131455399,0.31572769953051644,0.061032863849765265,0.002347417840375587,0.12793427230046947,0.051643192488262914,0.03169014084507042
Ross Taylor,820,269,334,62,3,66,46,40,0.3280487804878049,0.4073170731707317,0.07560975609756097,0.003658536585365854,0.08048780487804877,0.056097560975609764,0.04878048780487805
Moeen Ali,179,52,65,7,0,20,23,12,0.2905027932960894,0.3631284916201117,0.03910614525139665,0.0,0.111731843575419,0.12849162011173185,0.0670391061452514
Murugan Ashwin,8,1,4,0,0,0,0,3,0.125,0.5,0.0,0.0,0.0,0.0,0.375
Merchant de Lange ,2,0,1,0,0,0,0,1,0.0,0.5,0.0,0.0,0.0,0.0,0.5
Murali Kartik,108,24,60,8,1,7,1,7,0.2222222222222222,0.5555555555555556,0.07407407407407407,0.009259259259259259,0.06481481481481481,0.009259259259259259,0.06481481481481481
Michael Klinger,77,31,30,2,1,9,0,4,0.4025974025974026,0.3896103896103896,0.025974025974025976,0.012987012987012988,0.11688311688311688,0.0,0.05194805194805195
Mitun Manhas,470,158,191,44,1,43,10,23,0.33617021276595743,0.4063829787234042,0.09361702127659574,0.002127659574468085,0.09148936170212764,0.02127659574468085,0.048936170212765966
Mayank Markande,29,11,9,3,0,3,0,3,0.3793103448275862,0.3103448275862069,0.10344827586206896,0.0,0.10344827586206896,0.0,0.10344827586206896
Morne Morkel,90,21,33,8,1,11,5,11,0.2333333333333333,0.36666666666666653,0.08888888888888889,0.011111111111111113,0.12222222222222222,0.05555555555555555,0.12222222222222222
Muttiah Muralitharan,30,11,9,2,1,1,0,6,0.36666666666666653,0.3,0.06666666666666668,0.03333333333333333,0.03333333333333333,0.0,0.2
Makhaya Ntini,18,13,1,1,0,2,0,1,0.7222222222222222,0.05555555555555555,0.05555555555555555,0.0,0.1111111111111111,0.0,0.05555555555555555
Mitchell Santner,23,7,10,2,0,0,3,1,0.3043478260869565,0.43478260869565216,0.08695652173913042,0.0,0.0,0.13043478260869565,0.043478260869565216
Mujeeb Ur Rahman,11,5,2,0,0,2,0,2,0.4545454545454545,0.18181818181818185,0.0,0.0,0.18181818181818185,0.0,0.18181818181818185
Murali Vijay,2105,806,687,163,17,243,91,98,0.3828978622327791,0.3263657957244656,0.07743467933491686,0.008076009501187649,0.1154394299287411,0.04323040380047506,0.04655581947743468
Manan Vohra,767,283,234,62,9,97,39,43,0.3689700130378096,0.3050847457627119,0.08083441981747068,0.011734028683181227,0.12646675358539766,0.05084745762711865,0.0560625814863103
Mark Wood,3,1,1,0,0,0,0,1,0.3333333333333333,0.3333333333333333,0.0,0.0,0.0,0.0,0.3333333333333333
Mayank Agarwal,986,323,374,51,0,117,52,69,0.3275862068965517,0.3793103448275862,0.05172413793103448,0.0,0.11866125760649088,0.052738336713995936,0.06997971602434078
Mitchell Starc,98,34,38,9,0,10,0,7,0.3469387755102041,0.3877551020408163,0.09183673469387756,0.0,0.1020408163265306,0.0,0.07142857142857142
Mandeep Singh,1227,385,477,101,3,160,33,68,0.31377343113284434,0.3887530562347189,0.08231458842705787,0.002444987775061125,0.13039934800325995,0.026894865525672367,0.055419722901385485
Mashrafe Mortaza,2,1,0,1,0,0,0,0,0.5,0.0,0.5,0.0,0.0,0.0,0.0
Moises Henriques,756,225,310,70,3,87,27,34,0.2976190476190476,0.4100529100529101,0.0925925925925926,0.003968253968253968,0.11507936507936507,0.03571428571428571,0.04497354497354497
Kusal Perera,13,6,2,0,0,3,0,2,0.4615384615384616,0.15384615384615385,0.0,0.0,0.2307692307692308,0.0,0.15384615384615385
Michael Hussey,1612,556,648,96,11,198,52,51,0.34491315136476425,0.40198511166253104,0.05955334987593053,0.0068238213399503716,0.1228287841191067,0.03225806451612903,0.03163771712158809
Farvez Maharoof,123,33,43,16,0,12,9,10,0.2682926829268293,0.34959349593495936,0.13008130081300814,0.0,0.0975609756097561,0.07317073170731707,0.08130081300813008
Mitchell Johnson,164,63,58,12,1,10,7,13,0.38414634146341453,0.35365853658536583,0.07317073170731707,0.006097560975609756,0.06097560975609756,0.042682926829268296,0.07926829268292683
Misbah-ul-Haq,81,23,29,6,0,10,6,7,0.2839506172839506,0.3580246913580247,0.07407407407407407,0.0,0.12345679012345677,0.07407407407407407,0.08641975308641975
Michael clarke,93,35,35,5,0,12,0,6,0.3763440860215054,0.3763440860215054,0.053763440860215055,0.0,0.12903225806451613,0.0,0.06451612903225806
Matin Guptill,195,76,59,7,2,24,15,12,0.38974358974358975,0.3025641025641025,0.035897435897435895,0.010256410256410256,0.12307692307692307,0.07692307692307693,0.061538461538461535
Mitch McClenaghan,70,24,21,1,0,5,7,12,0.3428571428571429,0.3,0.014285714285714284,0.0,0.07142857142857142,0.1,0.17142857142857146
Manish Pandey,2351,742,1005,171,8,253,75,97,0.3156103785623139,0.4274776690769885,0.07273500638026371,0.0034028073160357296,0.10761378136962994,0.031901318587834966,0.04125903870693322
Manoj Tiwary,1445,472,633,77,8,156,40,59,0.32664359861591696,0.4380622837370242,0.053287197231833915,0.005536332179930796,0.10795847750865052,0.02768166089965398,0.04083044982698962
Matthew Hayden,805,303,257,48,2,121,44,30,0.3763975155279503,0.31925465838509315,0.059627329192546576,0.002484472049689441,0.15031055900621118,0.0546583850931677,0.037267080745341616
Munaf Patel,41,12,17,1,0,5,0,6,0.2926829268292683,0.4146341463414634,0.024390243902439025,0.0,0.12195121951219512,0.0,0.14634146341463414
Mohit Sharma,117,36,45,7,1,9,4,15,0.3076923076923077,0.38461538461538464,0.059829059829059825,0.008547008547008548,0.07692307692307693,0.034188034188034185,0.1282051282051282
Marlon Samuels,172,71,61,11,0,9,7,13,0.4127906976744186,0.3546511627906977,0.06395348837209303,0.0,0.05232558139534884,0.040697674418604654,0.0755813953488372
Morne van Wyk,132,38,58,12,1,19,1,3,0.2878787878787879,0.4393939393939394,0.09090909090909093,0.007575757575757577,0.14393939393939395,0.007575757575757577,0.022727272727272728
Mohammad Ashraful,10,7,2,0,0,0,0,1,0.7,0.2,0.0,0.0,0.0,0.0,0.1
Mohammad Asif,6,1,3,0,0,0,0,2,0.16666666666666666,0.5,0.0,0.0,0.0,0.0,0.3333333333333333
Mohammad Hafeez,83,43,24,0,0,7,2,7,0.5180722891566265,0.2891566265060241,0.0,0.0,0.08433734939759037,0.024096385542168683,0.08433734939759037
Mohammad Nabi,91,23,34,6,1,11,7,9,0.25274725274725274,0.3736263736263736,0.06593406593406594,0.01098901098901099,0.12087912087912088,0.07692307692307693,0.0989010989010989
Mohammed Shami,53,17,18,2,0,5,2,9,0.3207547169811321,0.33962264150943394,0.03773584905660377,0.0,0.09433962264150944,0.03773584905660377,0.16981132075471694
Mohammed Siraj,36,14,16,0,0,2,1,3,0.3888888888888889,0.4444444444444444,0.0,0.0,0.05555555555555555,0.027777777777777776,0.08333333333333333
Marcus Stoinis,364,109,148,39,1,34,18,15,0.29945054945054944,0.4065934065934066,0.10714285714285714,0.0027472527472527475,0.0934065934065934,0.04945054945054945,0.041208791208791215
Mitchell Marsh,196,67,83,11,0,9,14,12,0.34183673469387754,0.4234693877551021,0.05612244897959184,0.0,0.04591836734693878,0.07142857142857142,0.061224489795918366
Maninder Bisla,702,302,207,36,3,93,23,38,0.4301994301994302,0.2948717948717949,0.05128205128205128,0.004273504273504274,0.13247863247863248,0.03276353276353276,0.05413105413105413
Mahendra Singh Dhoni,3215,945,1342,304,13,297,209,105,0.2939346811819596,0.41741835147744943,0.09455676516329704,0.004043545878693624,0.09237947122861588,0.06500777604976672,0.03265940902021773
Mathhew Wade,33,12,14,4,0,0,0,3,0.3636363636363637,0.42424242424242425,0.12121212121212123,0.0,0.0,0.0,0.09090909090909093
Mustafizur Rahman,3,1,1,0,0,0,0,1,0.3333333333333333,0.3333333333333333,0.0,0.0,0.0,0.0,0.3333333333333333
Nikhil Naik,16,11,3,0,0,1,0,1,0.6875,0.1875,0.0,0.0,0.0625,0.0,0.0625
Nicholas Pooran,107,40,30,7,0,10,14,6,0.37383177570093457,0.2803738317757009,0.06542056074766353,0.0,0.09345794392523364,0.1308411214953271,0.05607476635514018
Nithish Rana,807,280,307,37,1,84,60,38,0.3469640644361834,0.38042131350681535,0.04584882280049566,0.0012391573729863693,0.10408921933085502,0.07434944237918216,0.04708798017348203
Navdeep Saini,145,57,45,15,1,16,0,11,0.3931034482758621,0.3103448275862069,0.10344827586206896,0.006896551724137931,0.1103448275862069,0.0,0.07586206896551724
Nic Maddinson,21,12,1,0,1,4,0,3,0.5714285714285714,0.047619047619047616,0.0,0.047619047619047616,0.19047619047619047,0.0,0.14285714285714285
Thisara Perera,307,90,119,26,1,23,26,22,0.2931596091205212,0.3876221498371336,0.08469055374592832,0.0032573289902280127,0.0749185667752443,0.08469055374592832,0.07166123778501629
Nathan Counter Nile,50,20,14,1,0,3,4,8,0.4,0.28,0.02,0.0,0.06,0.08,0.16
Naman Ojha,1313,526,438,64,10,121,79,75,0.4006092916984006,0.3335872048743336,0.04874333587204874,0.007616146230007615,0.09215536938309216,0.06016755521706016,0.05712109672505712
Parvinder Awana,14,7,5,0,0,0,0,2,0.5,0.35714285714285715,0.0,0.0,0.0,0.0,0.14285714285714285
Prasidh Krishna,7,5,1,0,0,0,0,1,0.7142857142857143,0.14285714285714285,0.0,0.0,0.0,0.0,0.14285714285714285
Praveen Kumar,314,111,102,24,0,22,17,38,0.3535031847133758,0.3248407643312102,0.07643312101910828,0.0,0.07006369426751592,0.05414012738853504,0.12101910828025478
Pawan Negi,289,86,108,25,1,27,16,26,0.2975778546712803,0.3737024221453287,0.08650519031141868,0.0034602076124567475,0.09342560553633218,0.05536332179930796,0.08996539792387544
Prtihvi Shaw,424,137,148,21,2,72,19,25,0.3231132075471698,0.3490566037735849,0.049528301886792456,0.0047169811320754715,0.16981132075471694,0.04481132075471698,0.0589622641509434
Parthiv Patel,2359,872,812,127,8,365,49,126,0.3696481559983044,0.34421364985163205,0.05383637134378974,0.0033912674862229763,0.15472657905892329,0.02077151335311573,0.05341246290801187
Pankaj Singh,12,4,5,1,0,0,0,2,0.3333333333333333,0.4166666666666667,0.08333333333333333,0.0,0.0,0.0,0.16666666666666666
Parvez Rasool,20,5,11,1,0,1,0,2,0.25,0.55,0.05,0.0,0.05,0.0,0.1
Paul Valthaty,418,194,101,20,0,61,20,22,0.4641148325358852,0.2416267942583732,0.04784688995215311,0.0,0.14593301435406697,0.04784688995215311,0.05263157894736842
Paul Collingwood,156,52,66,10,1,9,13,5,0.3333333333333333,0.4230769230769231,0.0641025641025641,0.00641025641025641,0.0576923076923077,0.08333333333333333,0.03205128205128205
Pat Cummins,55,14,19,7,0,5,4,6,0.2545454545454545,0.34545454545454546,0.12727272727272726,0.0,0.09090909090909093,0.07272727272727272,0.10909090909090907
Pradeep Sangwan,39,14,14,3,0,1,0,7,0.35897435897435903,0.35897435897435903,0.07692307692307693,0.0,0.02564102564102564,0.0,0.1794871794871795
Piyush Chawla,524,179,189,34,1,54,18,49,0.3416030534351145,0.3606870229007634,0.0648854961832061,0.0019083969465648852,0.10305343511450382,0.03435114503816794,0.0935114503816794
Pragyan Ojha,45,18,14,1,0,0,0,12,0.4,0.3111111111111111,0.022222222222222227,0.0,0.0,0.0,0.26666666666666666
Prithvi Shaw,91,36,28,8,0,9,2,8,0.3956043956043956,0.3076923076923077,0.08791208791208792,0.0,0.0989010989010989,0.02197802197802198,0.08791208791208792
Peter Handscomb,12,5,6,0,0,0,0,1,0.4166666666666667,0.5,0.0,0.0,0.0,0.0,0.08333333333333333
Pravin Tambe,39,22,14,0,0,1,0,2,0.5641025641025641,0.35897435897435903,0.0,0.0,0.02564102564102564,0.0,0.05128205128205128
Quinton de Kock,1110,403,394,51,4,156,54,48,0.3630630630630631,0.3549549549549549,0.04594594594594595,0.003603603603603604,0.14054054054054055,0.04864864864864865,0.04324324324324325
Ravichandran Ashwin,339,95,147,20,0,32,10,35,0.28023598820059004,0.4336283185840708,0.05899705014749264,0.0,0.0943952802359882,0.029498525073746312,0.10324483775811208
Rajat Bhatia,284,74,119,23,1,24,13,30,0.2605633802816901,0.4190140845070423,0.08098591549295775,0.0035211267605633804,0.08450704225352113,0.045774647887323945,0.1056338028169014
Ricky Bhui,17,10,3,2,0,0,0,2,0.5882352941176471,0.17647058823529413,0.1176470588235294,0.0,0.0,0.0,0.1176470588235294
Ravi Bishnoi,17,8,3,0,0,1,2,3,0.4705882352941176,0.17647058823529413,0.0,0.0,0.05882352941176471,0.1176470588235294,0.17647058823529413
Rishi Dhawan,135,49,48,13,1,13,4,7,0.362962962962963,0.3555555555555556,0.0962962962962963,0.007407407407407408,0.0962962962962963,0.02962962962962963,0.05185185185185185
Rahul Dravid,1880,706,681,118,1,269,28,77,0.3755319148936169,0.36223404255319147,0.0627659574468085,0.0005319148936170213,0.14308510638297872,0.014893617021276596,0.040957446808510635
Ryan McLaren,171,61,78,8,1,14,1,8,0.3567251461988304,0.456140350877193,0.04678362573099415,0.005847953216374269,0.08187134502923976,0.005847953216374269,0.04678362573099415
Riyan Parag,126,43,50,6,0,17,5,5,0.3412698412698413,0.3968253968253968,0.047619047619047616,0.0,0.1349206349206349,0.03968253968253968,0.03968253968253968
Ravi Rampaul,50,19,15,6,0,3,2,5,0.38,0.3,0.12,0.0,0.06,0.04,0.1
Rahul Sharma ,75,32,14,7,0,5,3,14,0.4266666666666667,0.18666666666666668,0.09333333333333334,0.0,0.06666666666666668,0.04,0.18666666666666668
Rinku Singh ,65,21,28,3,0,5,2,6,0.3230769230769231,0.4307692307692308,0.04615384615384616,0.0,0.07692307692307693,0.030769230769230767,0.09230769230769233
Rahul Tewatia,89,27,35,7,0,11,3,6,0.30337078651685395,0.39325842696629215,0.07865168539325842,0.0,0.12359550561797752,0.033707865168539325,0.06741573033707865
Vinay Kumar,274,75,110,31,0,21,9,28,0.2737226277372263,0.40145985401459855,0.11313868613138685,0.0,0.07664233576642336,0.032846715328467155,0.1021897810218978
Ravindra Jadeja,1571,449,692,145,5,135,65,80,0.2858052196053469,0.4404837683004456,0.09229789942711647,0.003182686187141948,0.0859325270528326,0.041374920432845325,0.050922978994271166
Rahul Tripathi,553,169,210,42,2,74,27,29,0.30560578661844484,0.37974683544303794,0.0759493670886076,0.003616636528028933,0.13381555153707053,0.0488245931283906,0.05244122965641953
Rashid Khan,63,13,18,6,0,5,9,12,0.20634920634920634,0.2857142857142857,0.09523809523809523,0.0,0.07936507936507936,0.14285714285714285,0.19047619047619047
Rahul Chahar,13,4,3,2,0,2,0,2,0.3076923076923077,0.2307692307692308,0.15384615384615385,0.0,0.15384615384615385,0.0,0.15384615384615385
Richard Levi,73,34,19,0,0,10,4,6,0.4657534246575342,0.2602739726027397,0.0,0.0,0.136986301369863,0.0547945205479452,0.0821917808219178
Rohit Sharma,3743,1177,1576,204,5,431,195,155,0.3144536468073737,0.42105263157894735,0.05450173657493989,0.0013358268768367619,0.11514827678332888,0.05209724819663372,0.04141063318193962
Ryan Harris,112,34,40,16,1,6,3,12,0.3035714285714285,0.35714285714285715,0.14285714285714285,0.008928571428571428,0.05357142857142857,0.026785714285714284,0.10714285714285714
Robin Peterson,30,10,12,1,0,3,1,3,0.3333333333333333,0.4,0.03333333333333333,0.0,0.1,0.03333333333333333,0.1
Rob Quiney,102,47,30,2,1,12,3,7,0.4607843137254902,0.29411764705882354,0.0196078431372549,0.00980392156862745,0.1176470588235294,0.029411764705882356,0.06862745098039216
Ryan ten Doeschate,235,63,102,15,0,26,15,14,0.2680851063829787,0.4340425531914894,0.06382978723404255,0.0,0.11063829787234042,0.06382978723404255,0.059574468085106386
RP Singh,76,24,31,2,1,2,1,15,0.3157894736842105,0.4078947368421053,0.02631578947368421,0.013157894736842105,0.02631578947368421,0.013157894736842105,0.1973684210526316
Rishab Pant,1066,286,415,69,2,152,94,48,0.2682926829268293,0.3893058161350844,0.0647279549718574,0.001876172607879925,0.1425891181988743,0.08818011257035648,0.0450281425891182
Ramesh Powar ,64,24,23,7,0,6,1,3,0.375,0.359375,0.109375,0.0,0.09375,0.015625,0.046875
Rilee Rossouw,51,20,17,3,0,3,3,5,0.392156862745098,0.3333333333333333,0.05882352941176471,0.0,0.05882352941176471,0.05882352941176471,0.09803921568627452
Ramnaresh Sarwan,75,27,31,6,0,6,1,4,0.36,0.4133333333333333,0.08,0.0,0.08,0.013333333333333334,0.05333333333333334
Ravi Bopara,453,142,204,27,7,39,16,18,0.31346578366445915,0.4503311258278146,0.05960264900662252,0.015452538631346581,0.08609271523178808,0.03532008830022075,0.039735099337748346
Rohan Gavaskar,8,5,2,0,0,0,0,1,0.625,0.25,0.0,0.0,0.0,0.0,0.125
Ricky Ponting,128,59,47,6,0,5,2,9,0.4609375,0.3671875,0.046875,0.0,0.0390625,0.015625,0.0703125
Robin Uthappa,3379,1144,1273,205,13,435,156,153,0.33856170464634505,0.3767386800828648,0.060668836934004135,0.003847292098253922,0.1287363125184966,0.04616750517904705,0.045279668540988464
Sreekanth Anirudha,113,38,44,7,0,9,7,8,0.33628318584070804,0.3893805309734513,0.06194690265486725,0.0,0.07964601769911504,0.06194690265486725,0.07079646017699115
Sreenath Aravind,57,20,21,5,0,7,0,4,0.3508771929824561,0.3684210526315789,0.08771929824561403,0.0,0.12280701754385966,0.0,0.07017543859649122
Samuel Badree,23,7,9,2,0,0,0,5,0.3043478260869565,0.39130434782608703,0.08695652173913042,0.0,0.0,0.0,0.21739130434782608
Subramaniyam Badrinath,1212,413,484,85,1,154,28,47,0.34075907590759075,0.39933993399339934,0.07013201320132012,0.0008250825082508251,0.12706270627062707,0.0231023102310231,0.038778877887788776
Shivnarine Chanderpaul,31,15,9,0,0,4,0,3,0.4838709677419355,0.2903225806451613,0.0,0.0,0.12903225806451613,0.0,0.0967741935483871
Sam Curran,55,17,11,7,0,13,3,4,0.3090909090909091,0.2,0.12727272727272726,0.0,0.2363636363636364,0.054545454545454536,0.07272727272727272
Shikhar Dhawan,3669,1250,1443,201,18,524,96,137,0.3406922867266285,0.39329517579722,0.05478331970564186,0.004905968928863451,0.14281820659580266,0.02616516762060507,0.03733987462523849
Shivam Dube,33,9,16,1,0,1,3,3,0.2727272727272727,0.4848484848484849,0.030303030303030307,0.0,0.030303030303030307,0.09090909090909093,0.09090909090909093
Shubman Gill,377,98,177,27,2,43,15,15,0.25994694960212195,0.4694960212201592,0.07161803713527852,0.005305039787798408,0.11405835543766578,0.03978779840848806,0.03978779840848806
Shreyas Gopal,118,38,47,9,0,14,1,9,0.3220338983050847,0.3983050847457627,0.07627118644067797,0.0,0.11864406779661014,0.00847457627118644,0.07627118644067797
Shimron Hetmyer,73,26,30,1,0,4,7,5,0.3561643835616438,0.410958904109589,0.0136986301369863,0.0,0.0547945205479452,0.0958904109589041,0.0684931506849315
Siddharth Kaul,28,16,4,4,0,0,0,4,0.5714285714285714,0.14285714285714285,0.14285714285714285,0.0,0.0,0.0,0.14285714285714285
Shivil Kaushik,1,0,0,0,0,0,0,1,0.0,0.0,0.0,0.0,0.0,0.0,1.0
Sandeep Lamichhane,1,0,0,0,0,0,0,1,0.0,0.0,0.0,0.0,0.0,0.0,1.0
Shivam Mavi,15,4,5,2,0,1,0,3,0.26666666666666666,0.3333333333333333,0.13333333333333333,0.0,0.06666666666666668,0.0,0.2
Shadab Nadeem,78,40,22,3,0,1,0,12,0.5128205128205128,0.28205128205128205,0.038461538461538464,0.0,0.01282051282051282,0.0,0.15384615384615385
Suraj Randiv,4,2,0,1,0,0,0,1,0.5,0.0,0.25,0.0,0.0,0.0,0.25
Sherfane Rutherford,54,20,17,3,0,2,7,5,0.3703703703703704,0.3148148148148148,0.05555555555555555,0.0,0.037037037037037035,0.12962962962962962,0.0925925925925926
Sandeep Sharma,3,0,2,0,0,1,0,0,0.0,0.6666666666666666,0.0,0.0,0.3333333333333333,0.0,0.0
S Sreesanth,55,37,6,2,0,6,0,4,0.6727272727272727,0.10909090909090907,0.03636363636363636,0.0,0.10909090909090907,0.0,0.07272727272727272
Sudeep Tyagi,4,0,3,0,0,0,0,1,0.0,0.75,0.0,0.0,0.0,0.0,0.25
Sean Abott,13,5,3,1,0,1,1,2,0.38461538461538464,0.2307692307692308,0.07692307692307693,0.0,0.07692307692307693,0.07692307692307693,0.15384615384615385
Swapnil Asnodkar,339,131,105,17,0,56,10,20,0.3864306784660767,0.3097345132743363,0.05014749262536873,0.0,0.16519174041297935,0.029498525073746312,0.05899705014749264
Surya Kumar Yadav,465,132,196,32,2,54,21,28,0.2838709677419355,0.421505376344086,0.06881720430107527,0.004301075268817204,0.11612903225806452,0.045161290322580636,0.060215053763440864
Sachin Baby,101,27,37,13,0,11,5,8,0.2673267326732673,0.3663366336633663,0.12871287128712872,0.0,0.10891089108910892,0.049504950495049514,0.07920792079207921
Salman Butt,161,68,47,7,0,30,2,7,0.42236024844720504,0.2919254658385093,0.043478260869565216,0.0,0.18633540372670807,0.012422360248447204,0.043478260869565216
Sandeep Sharma,39,14,20,1,0,1,0,3,0.35897435897435903,0.5128205128205128,0.02564102564102564,0.0,0.02564102564102564,0.0,0.07692307692307693
Sanjay Bangar,58,21,25,1,0,1,3,7,0.3620689655172414,0.4310344827586207,0.017241379310344827,0.0,0.017241379310344827,0.05172413793103448,0.1206896551724138
Shadab Jakati,29,10,14,1,0,3,0,1,0.3448275862068966,0.4827586206896552,0.03448275862068965,0.0,0.10344827586206896,0.0,0.03448275862068965
Scott Styris,133,45,63,5,0,10,3,7,0.3383458646616541,0.4736842105263158,0.03759398496240601,0.0,0.07518796992481203,0.022556390977443608,0.05263157894736842
Sourav Ganguly ,1262,546,427,54,3,137,42,53,0.4326465927099842,0.33835182250396195,0.0427892234548336,0.0023771790808240893,0.10855784469096673,0.03328050713153724,0.041996830427892234
Siddhesh Lad,13,7,2,0,1,1,1,1,0.5384615384615384,0.15384615384615385,0.0,0.07692307692307693,0.07692307692307693,0.07692307692307693,0.07692307692307693
Shane Bond,2,0,1,0,0,0,0,1,0.0,0.5,0.0,0.0,0.0,0.0,0.5
Shaun Marsh,1865,630,724,99,6,266,78,62,0.3378016085790885,0.3882037533512064,0.05308310991957105,0.0032171581769437,0.14262734584450398,0.0418230563002681,0.03324396782841823
Shahid Afridi,45,12,12,0,0,7,6,8,0.26666666666666666,0.26666666666666666,0.0,0.0,0.15555555555555556,0.13333333333333333,0.17777777777777778
Shakib Al Hasan,589,163,256,45,0,70,20,35,0.2767402376910017,0.43463497453310695,0.07640067911714771,0.0,0.11884550084889645,0.03395585738539898,0.05942275042444821
Shivam Sharma,3,0,1,0,0,1,0,1,0.0,0.3333333333333333,0.0,0.0,0.3333333333333333,0.0,0.3333333333333333
Shoaib Ahmed,6,3,1,0,0,0,0,2,0.5,0.16666666666666666,0.0,0.0,0.0,0.0,0.3333333333333333
Shoaib Akhtar,7,4,2,0,0,0,0,1,0.5714285714285714,0.2857142857142857,0.0,0.0,0.0,0.0,0.14285714285714285
Shoaib Malik,47,10,24,4,0,5,0,4,0.2127659574468085,0.5106382978723404,0.0851063829787234,0.0,0.10638297872340426,0.0,0.0851063829787234
Suresh Raina,3913,1124,1666,264,11,493,194,161,0.2872476360848454,0.4257602862254025,0.0674674163046256,0.002811142346026067,0.12599028878098645,0.04957832864809609,0.04114490161001789
Siddharth Trivedi,59,28,16,4,0,3,1,7,0.4745762711864407,0.2711864406779661,0.06779661016949153,0.0,0.05084745762711865,0.01694915254237288,0.11864406779661014
Shane Warne,214,80,82,12,0,14,6,20,0.37383177570093457,0.3831775700934579,0.05607476635514018,0.0,0.06542056074766353,0.02803738317757009,0.09345794392523364
Lasith Malinga,99,39,32,1,0,6,5,16,0.3939393939393939,0.3232323232323233,0.010101010101010102,0.0,0.060606060606060615,0.0505050505050505,0.16161616161616166
Simon Katich,186,70,56,15,1,26,8,10,0.3763440860215054,0.3010752688172043,0.08064516129032258,0.005376344086021507,0.13978494623655913,0.04301075268817205,0.053763440860215055
Shaun Pollock,111,34,47,2,0,12,8,8,0.3063063063063063,0.4234234234234234,0.018018018018018014,0.0,0.10810810810810813,0.07207207207207207,0.07207207207207207
Sachitra Senanayake,17,7,8,1,0,0,0,1,0.4117647058823529,0.4705882352941176,0.05882352941176471,0.0,0.0,0.0,0.05882352941176471
Sarfraz Khan,286,73,122,20,0,45,11,15,0.2552447552447553,0.42657342657342656,0.06993006993006994,0.0,0.15734265734265734,0.038461538461538464,0.05244755244755245
Shardul Thakur,21,2,6,2,0,5,1,5,0.09523809523809523,0.2857142857142857,0.09523809523809523,0.0,0.2380952380952381,0.047619047619047616,0.2380952380952381
Sohail Tanvir,29,6,14,2,0,3,1,3,0.20689655172413796,0.4827586206896552,0.06896551724137931,0.0,0.10344827586206896,0.03448275862068965,0.10344827586206896
Stephen Fleming,165,71,42,11,2,27,3,9,0.4303030303030303,0.2545454545454545,0.06666666666666668,0.01212121212121212,0.16363636363636366,0.01818181818181818,0.054545454545454536
Shreewats Goswami,291,110,110,17,1,32,3,18,0.3780068728522337,0.3780068728522337,0.0584192439862543,0.003436426116838488,0.1099656357388316,0.010309278350515464,0.061855670103092786
Sheldon Jackson,31,8,14,2,0,5,0,2,0.25806451612903225,0.4516129032258064,0.06451612903225806,0.0,0.16129032258064516,0.0,0.06451612903225806
Sunil Narine,457,163,97,15,1,93,44,44,0.3566739606126915,0.212253829321663,0.03282275711159737,0.002188183807439825,0.20350109409190373,0.0962800875273523,0.0962800875273523
Steven Smith,1568,426,716,137,6,180,49,54,0.27168367346938777,0.4566326530612245,0.08737244897959184,0.003826530612244898,0.11479591836734696,0.03125,0.03443877551020408
Sachin Tendulkar,1948,709,721,117,7,296,29,69,0.3639630390143737,0.3701232032854209,0.060061601642710474,0.003593429158110883,0.15195071868583165,0.0148870636550308,0.035420944558521565
Shane Watson,2563,940,849,132,8,343,177,114,0.3667577058134998,0.3312524385485759,0.05150214592274678,0.003121342177136169,0.13382754584471326,0.06905969566913774,0.0444791260241904
Shreyas Iyer,1323,442,543,66,1,149,67,55,0.3340891912320484,0.4104308390022676,0.049886621315192746,0.0007558578987150416,0.1126228269085412,0.050642479213907785,0.04157218442932729
Sourabh Tiwary,1067,336,464,82,2,93,45,45,0.3149015932521087,0.43486410496719774,0.07685098406747891,0.0018744142455482664,0.08716026241799438,0.04217432052483599,0.04217432052483599
Sanath Jayasuriya,531,223,128,22,7,84,39,28,0.4199623352165725,0.24105461393596986,0.041431261770244816,0.013182674199623351,0.15819209039548024,0.07344632768361582,0.05273069679849341
Stuart Binny,683,205,263,61,7,66,35,46,0.3001464128843338,0.3850658857979502,0.08931185944363104,0.010248901903367495,0.09663250366032212,0.05124450951683748,0.06734992679355782
Sunny Gupta,1,0,0,0,0,0,0,1,0.0,0.0,0.0,0.0,0.0,0.0,1.0
Sunny Singh,31,8,11,1,0,6,1,4,0.25806451612903225,0.3548387096774194,0.03225806451612903,0.0,0.1935483870967742,0.03225806451612903,0.12903225806451613
Sanju Samson,1696,517,696,133,11,170,89,80,0.3048349056603773,0.4103773584905661,0.07841981132075472,0.006485849056603774,0.10023584905660378,0.052476415094339625,0.04716981132075472
Sam Billings,250,66,99,24,1,31,10,19,0.264,0.396,0.096,0.004,0.124,0.04,0.076
Shaun Tait,26,8,13,0,0,1,1,3,0.3076923076923077,0.5,0.0,0.0,0.038461538461538464,0.038461538461538464,0.1153846153846154
Swapnil Singh,20,7,8,2,0,0,0,3,0.35,0.4,0.1,0.0,0.0,0.0,0.15
Tom Curran,28,11,11,0,0,3,0,3,0.3928571428571429,0.3928571428571429,0.0,0.0,0.10714285714285714,0.0,0.10714285714285714
Tatenda Taibu,26,6,9,5,0,3,0,3,0.2307692307692308,0.3461538461538461,0.19230769230769232,0.0,0.1153846153846154,0.0,0.1153846153846154
Trent Boult,14,7,2,2,0,0,1,2,0.5,0.14285714285714285,0.14285714285714285,0.0,0.0,0.07142857142857142,0.14285714285714285
Tim Paine,26,14,10,0,0,0,0,2,0.5384615384615384,0.38461538461538464,0.0,0.0,0.0,0.0,0.07692307692307693
Tim Southee,89,25,34,10,0,8,4,8,0.2808988764044944,0.3820224719101124,0.11235955056179776,0.0,0.0898876404494382,0.0449438202247191,0.0898876404494382
Tirumala Setty Suman,575,211,205,43,3,55,26,32,0.3669565217391305,0.3565217391304348,0.07478260869565218,0.005217391304347826,0.09565217391304348,0.045217391304347834,0.05565217391304348
Tilakaratne Dilshan,1007,409,335,54,2,140,24,43,0.4061569016881828,0.3326713008937438,0.05362462760675273,0.00198609731876862,0.13902681231380334,0.02383316782522344,0.042701092353525316
Travis Head,148,33,67,21,0,12,8,7,0.22297297297297294,0.4527027027027027,0.14189189189189189,0.0,0.08108108108108109,0.054054054054054064,0.0472972972972973
Travis Birt,58,21,15,6,0,9,2,5,0.3620689655172414,0.25862068965517243,0.10344827586206896,0.0,0.15517241379310345,0.03448275862068965,0.08620689655172414
Tymal Mills,11,5,2,0,0,0,1,3,0.4545454545454545,0.18181818181818185,0.0,0.0,0.0,0.09090909090909093,0.2727272727272727
Unmukt Chand,300,136,88,15,0,32,9,20,0.4533333333333333,0.2933333333333333,0.05,0.0,0.10666666666666667,0.03,0.06666666666666668
Umar Gul,19,5,5,0,0,1,5,3,0.2631578947368421,0.2631578947368421,0.0,0.0,0.05263157894736842,0.2631578947368421,0.15789473684210525
Usman Khawaja,100,32,38,6,1,14,3,6,0.32,0.38,0.06,0.01,0.14,0.03,0.06
Umesh Yadav,126,48,46,4,0,11,4,13,0.3809523809523809,0.36507936507936506,0.031746031746031744,0.0,0.0873015873015873,0.031746031746031744,0.10317460317460317
Virat Kohli,4112,1269,1725,292,11,481,191,143,0.3086089494163424,0.4195038910505837,0.07101167315175097,0.0026750972762645915,0.11697470817120625,0.04644941634241245,0.03477626459143969
Veer Pratap Singh,1,0,0,0,0,0,0,1,0.0,0.0,0.0,0.0,0.0,0.0,1.0
Virender Sehwag,1755,560,558,96,2,334,106,99,0.3190883190883191,0.31794871794871793,0.0547008547008547,0.0011396011396011395,0.1903133903133903,0.0603988603988604,0.05641025641025641
Vijay Shankar,416,102,200,37,1,34,24,18,0.2451923076923077,0.4807692307692308,0.0889423076923077,0.002403846153846154,0.08173076923076923,0.0576923076923077,0.04326923076923077
Vishnu Vinod,26,12,9,0,0,1,1,3,0.4615384615384616,0.3461538461538461,0.0,0.0,0.038461538461538464,0.038461538461538464,0.1153846153846154
Varun Aaron,62,29,21,4,0,2,2,4,0.4677419354838709,0.3387096774193548,0.06451612903225806,0.0,0.03225806451612903,0.03225806451612903,0.06451612903225806
VRV Singh,3,0,0,0,0,1,0,2,0.0,0.0,0.0,0.0,0.3333333333333333,0.0,0.6666666666666666
VVS Laxman,267,100,100,10,0,33,5,19,0.3745318352059925,0.3745318352059925,0.03745318352059925,0.0,0.12359550561797752,0.018726591760299626,0.07116104868913857
Washington Sundar,53,16,14,7,1,5,4,6,0.3018867924528302,0.2641509433962264,0.1320754716981132,0.018867924528301886,0.09433962264150944,0.07547169811320754,0.11320754716981132
Wayne Parnell,75,25,31,5,0,4,1,9,0.3333333333333333,0.4133333333333333,0.06666666666666668,0.0,0.05333333333333334,0.013333333333333334,0.12
Wriddhiman Saha,1346,405,529,115,4,160,59,74,0.3008915304606241,0.3930163447251114,0.08543833580980684,0.0029717682020802376,0.1188707280832095,0.043833580980683504,0.0549777117384844
Yashpal Singh,66,34,20,2,1,5,0,4,0.5151515151515151,0.30303030303030304,0.030303030303030307,0.015151515151515154,0.07575757575757576,0.0,0.060606060606060615
Yusuf Pathan,2241,673,877,155,5,262,159,110,0.3003123605533244,0.39134315037929496,0.06916555109326193,0.0022311468094600626,0.11691209281570727,0.07095046854082998,0.049085229808121376
Younis Khan,7,3,3,0,0,0,0,1,0.42857142857142855,0.42857142857142855,0.0,0.0,0.0,0.0,0.14285714285714285
Yuzvendra Chahal,48,25,16,1,1,0,0,5,0.5208333333333334,0.3333333333333333,0.02083333333333333,0.02083333333333333,0.0,0.0,0.10416666666666667
Yuvraj Singh,2120,780,741,119,3,217,149,111,0.3679245283018868,0.3495283018867925,0.05613207547169812,0.0014150943396226414,0.10235849056603774,0.07028301886792453,0.05235849056603774
Zaheer Khan,141,60,47,7,0,11,2,14,0.425531914893617,0.3333333333333333,0.04964539007092199,0.0,0.07801418439716312,0.014184397163120569,0.09929078014184398
