num,batsman,balls_Faced,dots,singles,doubles,triples,fours,sixes,wickets,dot_prob,sing_prob,doub_prob,trip_prop,four_prob,six_prob,wkt_prob
0,A Ashish Reddy,193,43,83,20,1,16,15,15,0.22279792746113988,0.43005181347150256,0.10362694300518134,0.0051813471502590676,0.08290155440414508,0.07772020725388601,0.07772020725388601
1,A Chandila,7,3,4,0,0,0,0,0,0.42857142857142855,0.5714285714285714,0.0,0.0,0.0,0.0,0.0
2,A Chopra,71,35,21,2,0,7,0,6,0.49295774647887325,0.29577464788732394,0.028169014084507043,0.0,0.09859154929577464,0.0,0.08450704225352113
3,A Choudhary,20,3,13,1,0,1,1,1,0.15,0.65,0.05,0.0,0.05,0.05,0.05
4,A Dananjaya,5,2,2,1,0,0,0,0,0.4,0.4,0.2,0.0,0.0,0.0,0.0
5,A Flintoff,53,18,23,2,1,5,2,2,0.33962264150943394,0.4339622641509434,0.03773584905660377,0.018867924528301886,0.09433962264150944,0.03773584905660377,0.03773584905660377
6,A Hales,118,41,44,8,0,13,6,6,0.3474576271186441,0.3728813559322034,0.06779661016949153,0.0,0.11016949152542373,0.05084745762711865,0.05084745762711865
7,A Joseph,13,6,3,2,0,2,0,0,0.46153846153846156,0.23076923076923078,0.15384615384615385,0.0,0.15384615384615385,0.0,0.0
8,A Kumble,47,19,21,1,0,3,0,3,0.40425531914893614,0.44680851063829785,0.02127659574468085,0.0,0.06382978723404255,0.0,0.06382978723404255
9,A Mishra,389,130,172,22,0,29,5,31,0.3341902313624679,0.442159383033419,0.056555269922879174,0.0,0.07455012853470437,0.012853470437017995,0.07969151670951156
10,A Mithun,26,6,8,2,0,4,1,5,0.23076923076923078,0.3076923076923077,0.07692307692307693,0.0,0.15384615384615385,0.038461538461538464,0.19230769230769232
11,A Mukund,22,6,11,2,0,1,0,2,0.2727272727272727,0.5,0.09090909090909091,0.0,0.045454545454545456,0.0,0.09090909090909091
12,A Nehra,62,29,21,1,0,3,1,7,0.46774193548387094,0.3387096774193548,0.016129032258064516,0.0,0.04838709677419355,0.016129032258064516,0.11290322580645161
13,A Singh,10,4,2,0,0,0,0,4,0.4,0.2,0.0,0.0,0.0,0.0,0.4
14,A Symonds,750,250,288,66,4,74,41,27,0.3333333333333333,0.384,0.088,0.005333333333333333,0.09866666666666667,0.05466666666666667,0.036
15,A Turner,10,4,3,0,0,0,0,3,0.4,0.3,0.0,0.0,0.0,0.0,0.3
16,A Uniyal,7,2,4,0,0,0,0,1,0.2857142857142857,0.5714285714285714,0.0,0.0,0.0,0.0,0.14285714285714285
17,A Zampa,8,4,1,0,0,1,0,2,0.5,0.125,0.0,0.0,0.125,0.0,0.25
18,AA Bilakhia,85,35,31,9,0,5,0,5,0.4117647058823529,0.36470588235294116,0.10588235294117647,0.0,0.058823529411764705,0.0,0.058823529411764705
19,AA Chavan,11,3,4,0,0,2,0,2,0.2727272727272727,0.36363636363636365,0.0,0.0,0.18181818181818182,0.0,0.18181818181818182
20,AA Jhunjhunwala,210,77,82,13,1,19,5,13,0.36666666666666664,0.3904761904761905,0.06190476190476191,0.004761904761904762,0.09047619047619047,0.023809523809523808,0.06190476190476191
21,AA Noffke,10,3,5,0,0,1,0,1,0.3,0.5,0.0,0.0,0.1,0.0,0.1
22,AB Agarkar,154,44,67,15,0,13,5,10,0.2857142857142857,0.43506493506493504,0.09740259740259741,0.0,0.08441558441558442,0.032467532467532464,0.06493506493506493
23,AB Barath,42,19,14,1,0,5,1,2,0.4523809523809524,0.3333333333333333,0.023809523809523808,0.0,0.11904761904761904,0.023809523809523808,0.047619047619047616
24,AB de Villiers,2907,783,1210,220,15,357,212,110,0.2693498452012384,0.4162366701066392,0.07567939456484347,0.005159958720330237,0.12280701754385964,0.07292741658066736,0.03783969728242174
25,AB Dinda,48,19,16,1,0,2,0,10,0.3958333333333333,0.3333333333333333,0.020833333333333332,0.0,0.041666666666666664,0.0,0.20833333333333334
26,AB McDonald,100,30,42,9,1,9,4,5,0.3,0.42,0.09,0.01,0.09,0.04,0.05
27,Abdur Razzak,2,2,0,0,0,0,0,0,1.0,0.0,0.0,0.0,0.0,0.0,0.0
28,AC Blizzard,90,40,17,2,1,21,2,7,0.4444444444444444,0.18888888888888888,0.022222222222222223,0.011111111111111112,0.23333333333333334,0.022222222222222223,0.07777777777777778
29,AC Gilchrist,1495,601,417,66,4,239,92,76,0.4020066889632107,0.27892976588628765,0.04414715719063545,0.0026755852842809363,0.15986622073578596,0.06153846153846154,0.050836120401337795
30,AC Thomas,19,6,8,1,0,1,1,2,0.3157894736842105,0.42105263157894735,0.05263157894736842,0.0,0.05263157894736842,0.05263157894736842,0.10526315789473684
31,AC Voges,143,40,61,18,2,15,3,4,0.27972027972027974,0.42657342657342656,0.1258741258741259,0.013986013986013986,0.1048951048951049,0.02097902097902098,0.027972027972027972
32,AD Mascarenhas,78,19,35,9,0,5,1,9,0.24358974358974358,0.44871794871794873,0.11538461538461539,0.0,0.0641025641025641,0.01282051282051282,0.11538461538461539
33,AD Mathews,575,152,267,49,3,44,29,31,0.2643478260869565,0.4643478260869565,0.08521739130434783,0.0052173913043478265,0.07652173913043478,0.050434782608695654,0.05391304347826087
34,AD Nath,98,34,40,5,0,7,2,10,0.3469387755102041,0.40816326530612246,0.05102040816326531,0.0,0.07142857142857142,0.02040816326530612,0.10204081632653061
35,AD Russell,752,229,234,31,0,96,120,42,0.3045212765957447,0.31117021276595747,0.041223404255319146,0.0,0.1276595744680851,0.1595744680851064,0.05585106382978723
36,AF Milne,12,4,5,1,0,0,0,2,0.3333333333333333,0.4166666666666667,0.08333333333333333,0.0,0.0,0.0,0.16666666666666666
37,AG Murtaza,14,6,6,0,0,1,0,1,0.42857142857142855,0.42857142857142855,0.0,0.0,0.07142857142857142,0.0,0.07142857142857142
38,AG Paunikar,58,33,9,2,0,9,0,5,0.5689655172413793,0.15517241379310345,0.034482758620689655,0.0,0.15517241379310345,0.0,0.08620689655172414
39,AJ Finch,1329,477,456,83,3,176,67,67,0.35891647855530473,0.3431151241534989,0.062452972159518436,0.002257336343115124,0.13243039879608728,0.05041384499623777,0.05041384499623777
40,AJ Tye,70,23,22,6,1,6,4,8,0.32857142857142857,0.3142857142857143,0.08571428571428572,0.014285714285714285,0.08571428571428572,0.05714285714285714,0.11428571428571428
41,AL Menaria,356,120,149,24,0,24,18,21,0.33707865168539325,0.41853932584269665,0.06741573033707865,0.0,0.06741573033707865,0.05056179775280899,0.05898876404494382
42,AM Nayar,576,185,230,47,1,55,20,38,0.3211805555555556,0.3993055555555556,0.08159722222222222,0.001736111111111111,0.0954861111111111,0.034722222222222224,0.06597222222222222
43,AM Rahane,3136,1023,1289,214,15,405,74,116,0.32621173469387754,0.41103316326530615,0.06823979591836735,0.0047831632653061226,0.1291454081632653,0.023596938775510203,0.036989795918367346
44,AN Ahmed,26,9,8,3,0,4,1,1,0.34615384615384615,0.3076923076923077,0.11538461538461539,0.0,0.15384615384615385,0.038461538461538464,0.038461538461538464
45,AN Ghosh,8,3,1,1,0,1,0,2,0.375,0.125,0.125,0.0,0.125,0.0,0.25
46,Anirudh Singh,66,27,23,5,0,6,1,4,0.4090909090909091,0.3484848484848485,0.07575757575757576,0.0,0.09090909090909091,0.015151515151515152,0.06060606060606061
47,Ankit Sharma,109,27,43,9,0,11,9,10,0.24770642201834864,0.3944954128440367,0.08256880733944955,0.0,0.10091743119266056,0.08256880733944955,0.09174311926605505
48,Ankit Soni,9,5,1,0,0,0,1,2,0.5555555555555556,0.1111111111111111,0.0,0.0,0.0,0.1111111111111111,0.2222222222222222
49,Anureet Singh,47,18,22,0,0,2,1,4,0.3829787234042553,0.46808510638297873,0.0,0.0,0.0425531914893617,0.02127659574468085,0.0851063829787234
50,AP Dole,22,4,8,4,0,3,1,2,0.18181818181818182,0.36363636363636365,0.18181818181818182,0.0,0.13636363636363635,0.045454545454545456,0.09090909090909091
51,AP Majumdar,76,23,33,7,0,7,2,4,0.3026315789473684,0.4342105263157895,0.09210526315789473,0.0,0.09210526315789473,0.02631578947368421,0.05263157894736842
52,AP Tare,273,106,72,19,1,40,11,24,0.3882783882783883,0.26373626373626374,0.0695970695970696,0.003663003663003663,0.14652014652014653,0.040293040293040296,0.08791208791208792
53,AR Bawne,12,4,6,1,0,1,0,0,0.3333333333333333,0.5,0.08333333333333333,0.0,0.08333333333333333,0.0,0.0
54,AR Patel,630,155,304,47,0,47,35,42,0.24603174603174602,0.48253968253968255,0.0746031746031746,0.0,0.0746031746031746,0.05555555555555555,0.06666666666666667
55,AS Rajpoot,31,17,7,1,0,2,0,4,0.5483870967741935,0.22580645161290322,0.03225806451612903,0.0,0.06451612903225806,0.0,0.12903225806451613
56,AS Raut,167,53,73,9,3,13,7,9,0.31736526946107785,0.437125748502994,0.05389221556886228,0.017964071856287425,0.07784431137724551,0.041916167664670656,0.05389221556886228
57,AS Yadav,749,247,289,41,1,111,28,32,0.32977303070761016,0.38584779706275035,0.05473965287049399,0.0013351134846461949,0.14819759679572764,0.037383177570093455,0.042723631508678236
58,AT Rayudu,2620,795,1157,154,1,278,120,115,0.30343511450381677,0.4416030534351145,0.05877862595419847,0.0003816793893129771,0.10610687022900764,0.04580152671755725,0.04389312977099236
59,AUK Pathan,23,6,3,2,0,5,2,5,0.2608695652173913,0.13043478260869565,0.08695652173913043,0.0,0.21739130434782608,0.08695652173913043,0.21739130434782608
60,Avesh Khan,3,2,0,0,0,1,0,0,0.6666666666666666,0.0,0.0,0.0,0.3333333333333333,0.0,0.0
61,Azhar Mahmood,303,97,116,19,0,39,13,19,0.3201320132013201,0.38283828382838286,0.0627062706270627,0.0,0.12871287128712872,0.0429042904290429,0.0627062706270627
62,B Akhil,55,18,16,5,0,5,5,6,0.32727272727272727,0.2909090909090909,0.09090909090909091,0.0,0.09090909090909091,0.09090909090909091,0.10909090909090909
63,B Chipli,251,90,100,7,4,28,7,15,0.35856573705179284,0.398406374501992,0.027888446215139442,0.01593625498007968,0.11155378486055777,0.027888446215139442,0.05976095617529881
64,B Kumar,192,65,69,14,0,17,3,24,0.3385416666666667,0.359375,0.07291666666666667,0.0,0.08854166666666667,0.015625,0.125
65,B Laughlin,13,6,5,0,0,0,0,2,0.46153846153846156,0.38461538461538464,0.0,0.0,0.0,0.0,0.15384615384615385
66,B Lee,97,31,36,4,0,8,8,10,0.31958762886597936,0.3711340206185567,0.041237113402061855,0.0,0.08247422680412371,0.08247422680412371,0.10309278350515463
67,B Stanlake,2,0,1,0,0,1,0,0,0.0,0.5,0.0,0.0,0.5,0.0,0.0
68,B Sumanth,37,13,17,3,0,3,0,1,0.35135135135135137,0.4594594594594595,0.08108108108108109,0.0,0.08108108108108109,0.0,0.02702702702702703
69,BA Bhatt,7,5,0,0,0,0,1,1,0.7142857142857143,0.0,0.0,0.0,0.0,0.14285714285714285,0.14285714285714285
70,BA Stokes,481,119,221,43,2,43,25,28,0.24740124740124741,0.4594594594594595,0.0893970893970894,0.004158004158004158,0.0893970893970894,0.05197505197505198,0.058212058212058215
71,Basil Thampi,35,13,16,3,0,1,1,1,0.37142857142857144,0.45714285714285713,0.08571428571428572,0.0,0.02857142857142857,0.02857142857142857,0.02857142857142857
72,BAW Mendis,6,1,3,0,0,0,0,2,0.16666666666666666,0.5,0.0,0.0,0.0,0.0,0.3333333333333333
73,BB McCullum,2186,840,713,103,3,293,130,104,0.38426349496797807,0.3261665141811528,0.04711802378774017,0.0013723696248856359,0.13403476669716377,0.059469350411710885,0.04757548032936871
74,BB Samantray,113,40,45,8,0,13,2,5,0.35398230088495575,0.39823008849557523,0.07079646017699115,0.0,0.11504424778761062,0.017699115044247787,0.04424778761061947
75,BB Sran,14,4,8,1,0,0,0,1,0.2857142857142857,0.5714285714285714,0.07142857142857142,0.0,0.0,0.0,0.07142857142857142
76,BCJ Cutting,141,42,44,10,0,15,19,11,0.2978723404255319,0.3120567375886525,0.07092198581560284,0.0,0.10638297872340426,0.1347517730496454,0.07801418439716312
77,BE Hendricks,3,1,1,0,0,0,0,1,0.3333333333333333,0.3333333333333333,0.0,0.0,0.0,0.0,0.3333333333333333
78,Bipul Sharma,123,25,51,19,0,11,9,8,0.2032520325203252,0.4146341463414634,0.15447154471544716,0.0,0.08943089430894309,0.07317073170731707,0.06504065040650407
79,BJ Haddin,11,4,2,1,0,2,1,1,0.36363636363636365,0.18181818181818182,0.09090909090909091,0.0,0.18181818181818182,0.09090909090909091,0.09090909090909091
80,BJ Hodge,1118,362,452,89,8,122,43,42,0.32379248658318427,0.40429338103756707,0.07960644007155634,0.007155635062611807,0.10912343470483005,0.038461538461538464,0.03756708407871199
81,BJ Rohrer,140,45,48,14,1,21,5,6,0.32142857142857145,0.34285714285714286,0.1,0.007142857142857143,0.15,0.03571428571428571,0.04285714285714286
82,BMAJ Mendis,27,5,15,4,0,0,0,3,0.18518518518518517,0.5555555555555556,0.14814814814814814,0.0,0.0,0.0,0.1111111111111111
83,BR Dunk,35,16,6,3,0,7,0,3,0.45714285714285713,0.17142857142857143,0.08571428571428572,0.0,0.2,0.0,0.08571428571428572
84,C de Grandhomme,225,67,91,16,0,18,18,15,0.29777777777777775,0.40444444444444444,0.07111111111111111,0.0,0.08,0.08,0.06666666666666667
85,C Ingram,154,53,58,8,0,20,5,10,0.34415584415584416,0.37662337662337664,0.05194805194805195,0.0,0.12987012987012986,0.032467532467532464,0.06493506493506493
86,C Madan,19,12,3,0,0,3,0,1,0.631578947368421,0.15789473684210525,0.0,0.0,0.15789473684210525,0.0,0.05263157894736842
87,C Munro,141,53,45,4,0,19,8,12,0.375886524822695,0.3191489361702128,0.028368794326241134,0.0,0.1347517730496454,0.05673758865248227,0.0851063829787234
88,C Nanda,1,0,0,0,0,0,0,1,0.0,0.0,0.0,0.0,0.0,0.0,1.0
89,CA Ingram,26,10,11,1,0,2,0,2,0.38461538461538464,0.4230769230769231,0.038461538461538464,0.0,0.07692307692307693,0.0,0.07692307692307693
90,CA Lynn,911,336,302,44,0,128,63,38,0.36882546652030734,0.33150384193194293,0.048298572996706916,0.0,0.14050493962678376,0.06915477497255763,0.04171240395170143
91,CA Pujara,391,169,133,15,1,50,4,19,0.4322250639386189,0.340153452685422,0.03836317135549872,0.0025575447570332483,0.1278772378516624,0.010230179028132993,0.04859335038363171
92,CH Gayle,2970,1200,884,80,3,369,326,108,0.40404040404040403,0.29764309764309765,0.026936026936026935,0.00101010101010101,0.12424242424242424,0.10976430976430976,0.03636363636363636
93,CH Morris,328,73,138,33,1,37,27,19,0.2225609756097561,0.42073170731707316,0.10060975609756098,0.003048780487804878,0.11280487804878049,0.08231707317073171,0.057926829268292686
94,CJ Anderson,423,165,139,25,1,40,31,22,0.3900709219858156,0.32860520094562645,0.0591016548463357,0.002364066193853428,0.09456264775413711,0.07328605200945626,0.05200945626477541
95,CJ Ferguson,117,50,42,10,0,9,0,6,0.42735042735042733,0.358974358974359,0.08547008547008547,0.0,0.07692307692307693,0.0,0.05128205128205128
96,CJ Jordan,5,1,1,1,0,0,0,2,0.2,0.2,0.2,0.0,0.0,0.0,0.4
97,CJ McKay,15,7,6,1,0,0,0,1,0.4666666666666667,0.4,0.06666666666666667,0.0,0.0,0.0,0.06666666666666667
98,CK Kapugedera,23,6,12,2,0,0,0,3,0.2608695652173913,0.5217391304347826,0.08695652173913043,0.0,0.0,0.0,0.13043478260869565
99,CK Langeveldt,9,4,2,0,0,0,1,2,0.4444444444444444,0.2222222222222222,0.0,0.0,0.0,0.1111111111111111,0.2222222222222222
100,CL White,755,224,334,47,2,76,36,36,0.29668874172185433,0.4423841059602649,0.06225165562913907,0.0026490066225165563,0.10066225165562914,0.04768211920529802,0.04768211920529802
101,CM Gautam,150,66,40,8,3,17,6,10,0.44,0.26666666666666666,0.05333333333333334,0.02,0.11333333333333333,0.04,0.06666666666666667
102,CR Brathwaite,111,31,37,4,0,10,16,13,0.27927927927927926,0.3333333333333333,0.036036036036036036,0.0,0.09009009009009009,0.14414414414414414,0.11711711711711711
103,CR Woakes,66,25,25,3,0,5,2,6,0.3787878787878788,0.3787878787878788,0.045454545454545456,0.0,0.07575757575757576,0.030303030303030304,0.09090909090909091
104,CRD Fernando,3,0,2,1,0,0,0,0,0.0,0.6666666666666666,0.3333333333333333,0.0,0.0,0.0,0.0
105,D du Preez,13,4,6,2,0,0,0,1,0.3076923076923077,0.46153846153846156,0.15384615384615385,0.0,0.0,0.0,0.07692307692307693
106,D Kalyankrishna,8,4,3,0,0,0,0,1,0.5,0.375,0.0,0.0,0.0,0.0,0.125
107,D Salunkhe,24,6,9,2,0,5,0,2,0.25,0.375,0.08333333333333333,0.0,0.20833333333333334,0.0,0.08333333333333333
108,D Shorey,17,7,7,0,0,0,1,2,0.4117647058823529,0.4117647058823529,0.0,0.0,0.0,0.058823529411764705,0.11764705882352941
109,D Short,99,38,35,3,0,11,5,7,0.3838383838383838,0.35353535353535354,0.030303030303030304,0.0,0.1111111111111111,0.050505050505050504,0.0707070707070707
110,D Wiese,90,21,43,6,0,12,4,4,0.23333333333333334,0.4777777777777778,0.06666666666666667,0.0,0.13333333333333333,0.044444444444444446,0.044444444444444446
111,DA Miller,1334,369,570,126,1,127,87,54,0.2766116941529235,0.4272863568215892,0.0944527736131934,0.0007496251874062968,0.0952023988005997,0.06521739130434782,0.04047976011994003
112,DA Warner,3304,1077,1192,270,17,458,181,109,0.3259685230024213,0.36077481840193704,0.08171912832929783,0.005145278450363196,0.13861985472154964,0.05478208232445521,0.032990314769975784
113,DAJ Bracewell,9,1,6,1,0,1,0,0,0.1111111111111111,0.6666666666666666,0.1111111111111111,0.0,0.1111111111111111,0.0,0.0
114,DB Das,261,104,92,12,0,23,16,14,0.39846743295019155,0.3524904214559387,0.04597701149425287,0.0,0.08812260536398467,0.06130268199233716,0.05363984674329502
115,DB Ravi Teja,317,97,136,18,3,35,9,19,0.305993690851735,0.42902208201892744,0.056782334384858045,0.00946372239747634,0.11041009463722397,0.028391167192429023,0.05993690851735016
116,DE Bollinger,23,10,9,1,0,1,1,1,0.43478260869565216,0.391304347826087,0.043478260869565216,0.0,0.043478260869565216,0.043478260869565216,0.043478260869565216
117,DH Yagnik,137,47,44,11,0,23,2,10,0.34306569343065696,0.32116788321167883,0.08029197080291971,0.0,0.1678832116788321,0.014598540145985401,0.072992700729927
118,DJ Bravo,1156,376,430,104,5,116,61,64,0.32525951557093424,0.3719723183391003,0.08996539792387544,0.004325259515570935,0.10034602076124567,0.052768166089965395,0.05536332179930796
119,DJ Harris,101,46,33,2,0,11,5,4,0.45544554455445546,0.32673267326732675,0.019801980198019802,0.0,0.10891089108910891,0.04950495049504951,0.039603960396039604
120,DJ Hooda,413,97,188,41,1,27,24,35,0.23486682808716708,0.4552058111380145,0.09927360774818401,0.002421307506053269,0.06537530266343826,0.05811138014527845,0.0847457627118644
121,DJ Hussey,1075,350,452,72,2,90,60,49,0.32558139534883723,0.4204651162790698,0.06697674418604652,0.0018604651162790699,0.08372093023255814,0.05581395348837209,0.045581395348837206
122,DJ Jacobs,98,52,22,3,0,10,4,7,0.5306122448979592,0.22448979591836735,0.030612244897959183,0.0,0.10204081632653061,0.04081632653061224,0.07142857142857142
123,DJ Muthuswami,3,1,1,0,0,0,0,1,0.3333333333333333,0.3333333333333333,0.0,0.0,0.0,0.0,0.3333333333333333
124,DJ Thornely,53,27,19,0,0,2,2,3,0.5094339622641509,0.3584905660377358,0.0,0.0,0.03773584905660377,0.03773584905660377,0.05660377358490566
125,DJG Sammy,241,83,94,15,1,15,18,15,0.34439834024896265,0.3900414937759336,0.06224066390041494,0.004149377593360996,0.06224066390041494,0.07468879668049792,0.06224066390041494
126,DL Chahar,44,7,19,4,0,2,6,6,0.1590909090909091,0.4318181818181818,0.09090909090909091,0.0,0.045454545454545456,0.13636363636363635,0.13636363636363635
127,DL Vettori,113,33,54,4,1,11,2,8,0.2920353982300885,0.4778761061946903,0.035398230088495575,0.008849557522123894,0.09734513274336283,0.017699115044247787,0.07079646017699115
128,DM Bravo,5,2,2,0,0,1,0,0,0.4,0.4,0.0,0.0,0.2,0.0,0.0
129,DNT Zoysa,9,2,3,2,0,1,0,1,0.2222222222222222,0.3333333333333333,0.2222222222222222,0.0,0.1111111111111111,0.0,0.1111111111111111
130,DP Nannes,13,8,4,0,0,0,0,1,0.6153846153846154,0.3076923076923077,0.0,0.0,0.0,0.0,0.07692307692307693
131,DP Vijaykumar,1,0,1,0,0,0,0,0,0.0,1.0,0.0,0.0,0.0,0.0,0.0
132,DPMD Jayawardene,1461,497,565,93,4,200,39,63,0.3401779603011636,0.3867214236824093,0.06365503080082136,0.0027378507871321013,0.13689253935660506,0.026694045174537988,0.043121149897330596
133,DR Martyn,24,7,15,0,0,1,0,1,0.2916666666666667,0.625,0.0,0.0,0.041666666666666664,0.0,0.041666666666666664
134,DR Smith,1763,709,521,84,3,245,117,84,0.4021554169030062,0.2955190017016449,0.0476460578559274,0.0017016449234259785,0.13896766874645491,0.06636415201361316,0.0476460578559274
135,DS Kulkarni,106,36,44,7,1,7,2,9,0.33962264150943394,0.41509433962264153,0.0660377358490566,0.009433962264150943,0.0660377358490566,0.018867924528301886,0.08490566037735849
136,DS Lehmann,18,7,6,0,0,3,0,2,0.3888888888888889,0.3333333333333333,0.0,0.0,0.16666666666666666,0.0,0.1111111111111111
137,DT Christian,374,97,180,29,2,22,19,25,0.25935828877005346,0.48128342245989303,0.07754010695187166,0.0053475935828877,0.058823529411764705,0.05080213903743316,0.06684491978609626
138,DT Patil,13,3,5,2,0,1,0,2,0.23076923076923078,0.38461538461538464,0.15384615384615385,0.0,0.07692307692307693,0.0,0.15384615384615385
139,DW Steyn,158,46,54,19,0,14,3,22,0.2911392405063291,0.34177215189873417,0.12025316455696203,0.0,0.08860759493670886,0.0189873417721519,0.13924050632911392
140,E Lewis,328,136,100,12,2,36,26,16,0.4146341463414634,0.3048780487804878,0.036585365853658534,0.006097560975609756,0.10975609756097561,0.07926829268292683,0.04878048780487805
141,EJG Morgan,705,252,255,49,3,72,34,40,0.3574468085106383,0.3617021276595745,0.06950354609929078,0.00425531914893617,0.10212765957446808,0.04822695035460993,0.05673758865248227
142,ER Dwivedi,14,4,4,0,0,2,2,2,0.2857142857142857,0.2857142857142857,0.0,0.0,0.14285714285714285,0.14285714285714285,0.14285714285714285
143,F Behardien,13,3,6,0,0,2,0,2,0.23076923076923078,0.46153846153846156,0.0,0.0,0.15384615384615385,0.0,0.15384615384615385
144,F du Plessis,1460,450,630,90,9,163,59,59,0.3082191780821918,0.4315068493150685,0.06164383561643835,0.0061643835616438354,0.11164383561643836,0.04041095890410959,0.04041095890410959
145,FH Edwards,5,2,1,0,1,0,0,1,0.4,0.2,0.0,0.2,0.0,0.0,0.2
146,FY Fazal,173,58,75,7,0,22,1,10,0.3352601156069364,0.43352601156069365,0.04046242774566474,0.0,0.12716763005780346,0.005780346820809248,0.057803468208092484
147,G Gambhir,3404,1101,1352,249,15,492,59,136,0.32344300822561695,0.3971797884841363,0.07314923619271445,0.004406580493537015,0.1445358401880141,0.017332549941245595,0.0399529964747356
148,GB Hogg,22,2,14,2,0,1,0,3,0.09090909090909091,0.6363636363636364,0.09090909090909091,0.0,0.045454545454545456,0.0,0.13636363636363635
149,GC Smith,668,271,228,39,1,94,9,26,0.405688622754491,0.3413173652694611,0.058383233532934134,0.0014970059880239522,0.1407185628742515,0.01347305389221557,0.038922155688622756
150,GD McGrath,5,3,0,0,0,1,0,1,0.6,0.0,0.0,0.0,0.2,0.0,0.2
151,GH Vihari,313,114,133,23,1,23,1,18,0.36421725239616615,0.4249201277955272,0.07348242811501597,0.003194888178913738,0.07348242811501597,0.003194888178913738,0.05750798722044728
152,GJ Bailey,544,172,222,44,1,59,19,27,0.3161764705882353,0.40808823529411764,0.08088235294117647,0.001838235294117647,0.10845588235294118,0.034926470588235295,0.04963235294117647
153,GJ Maxwell,867,260,280,64,1,110,91,61,0.29988465974625145,0.3229527104959631,0.07381776239907728,0.0011534025374855825,0.12687427912341406,0.104959630911188,0.07035755478662054
154,GR Napier,16,6,5,3,0,1,0,1,0.375,0.3125,0.1875,0.0,0.0625,0.0,0.0625
155,Gurkeerat Singh,342,94,146,20,0,47,11,24,0.27485380116959063,0.4269005847953216,0.05847953216374269,0.0,0.13742690058479531,0.03216374269005848,0.07017543859649122
156,H Brar,12,3,6,0,0,2,1,0,0.25,0.5,0.0,0.0,0.16666666666666666,0.08333333333333333,0.0
157,H Das,5,2,2,0,0,0,0,1,0.4,0.4,0.0,0.0,0.0,0.0,0.2
158,H Gurney,5,4,1,0,0,0,0,0,0.8,0.2,0.0,0.0,0.0,0.0,0.0
159,H Klaasen,57,14,24,8,0,5,1,5,0.24561403508771928,0.42105263157894735,0.14035087719298245,0.0,0.08771929824561403,0.017543859649122806,0.08771929824561403
160,H Vihari,8,2,4,0,0,0,0,2,0.25,0.5,0.0,0.0,0.0,0.0,0.25
161,H Viljoen,7,3,1,1,0,0,0,2,0.42857142857142855,0.14285714285714285,0.14285714285714285,0.0,0.0,0.0,0.2857142857142857
162,Harbhajan Singh,600,197,193,34,0,79,42,55,0.3283333333333333,0.32166666666666666,0.056666666666666664,0.0,0.13166666666666665,0.07,0.09166666666666666
163,Harmeet Singh,12,1,2,2,0,3,0,4,0.08333333333333333,0.16666666666666666,0.16666666666666666,0.0,0.25,0.0,0.3333333333333333
164,Harpreet Singh,26,6,16,2,0,0,0,2,0.23076923076923078,0.6153846153846154,0.07692307692307693,0.0,0.0,0.0,0.07692307692307693
165,HH Gibbs,806,348,264,45,3,83,31,32,0.4317617866004963,0.32754342431761785,0.05583126550868486,0.0037220843672456576,0.10297766749379653,0.038461538461538464,0.03970223325062035
166,HH Pandya,689,192,276,41,3,72,68,37,0.27866473149492016,0.4005805515239477,0.059506531204644414,0.0043541364296081275,0.10449927431059507,0.09869375907111756,0.05370101596516691
167,HM Amla,407,126,164,22,1,60,21,13,0.3095823095823096,0.40294840294840295,0.05405405405405406,0.002457002457002457,0.14742014742014742,0.051597051597051594,0.03194103194103194
168,HV Patel,69,8,35,3,0,3,9,11,0.11594202898550725,0.5072463768115942,0.043478260869565216,0.0,0.043478260869565216,0.13043478260869565,0.15942028985507245
169,I Malhotra,4,0,3,0,0,1,0,0,0.0,0.75,0.0,0.0,0.25,0.0,0.0
170,I Sharma,61,25,21,3,0,4,2,6,0.4098360655737705,0.3442622950819672,0.04918032786885246,0.0,0.06557377049180328,0.03278688524590164,0.09836065573770492
171,I Sodhi,17,8,7,0,0,0,0,2,0.47058823529411764,0.4117647058823529,0.0,0.0,0.0,0.0,0.11764705882352941
172,IC Pandey,2,1,0,0,0,0,0,1,0.5,0.0,0.0,0.0,0.0,0.0,0.5
173,IK Pathan,945,284,406,76,2,87,37,53,0.30052910052910053,0.42962962962962964,0.08042328042328042,0.0021164021164021165,0.09206349206349207,0.039153439153439155,0.056084656084656084
174,Imran Tahir,27,13,6,1,0,3,0,4,0.48148148148148145,0.2222222222222222,0.037037037037037035,0.0,0.1111111111111111,0.0,0.14814814814814814
175,Iqbal Abdulla,84,32,34,6,0,9,1,2,0.38095238095238093,0.40476190476190477,0.07142857142857142,0.0,0.10714285714285714,0.011904761904761904,0.023809523809523808
176,IR Jaggi,97,43,36,5,2,6,0,5,0.44329896907216493,0.3711340206185567,0.05154639175257732,0.020618556701030927,0.061855670103092786,0.0,0.05154639175257732
177,Ishan Kishan,531,192,181,27,0,64,34,33,0.3615819209039548,0.3408662900188324,0.05084745762711865,0.0,0.12052730696798493,0.064030131826742,0.062146892655367235
178,J Archer,61,15,24,5,0,6,4,7,0.2459016393442623,0.39344262295081966,0.08196721311475409,0.0,0.09836065573770492,0.06557377049180328,0.11475409836065574
179,J Arunkumar,23,12,3,0,0,5,0,3,0.5217391304347826,0.13043478260869565,0.0,0.0,0.21739130434782608,0.0,0.13043478260869565
180,J Bairstow,284,86,103,18,2,49,18,8,0.3028169014084507,0.3626760563380282,0.06338028169014084,0.007042253521126761,0.17253521126760563,0.06338028169014084,0.028169014084507043
181,J Botha,359,113,143,37,2,39,5,20,0.3147632311977716,0.3983286908077994,0.10306406685236769,0.005571030640668524,0.10863509749303621,0.013927576601671309,0.055710306406685235
182,J Denly,1,0,0,0,0,0,0,1,0.0,0.0,0.0,0.0,0.0,0.0,1.0
183,J Searles,6,2,2,0,0,0,1,1,0.3333333333333333,0.3333333333333333,0.0,0.0,0.0,0.16666666666666666,0.16666666666666666
184,J Suchith,47,18,16,5,0,4,2,2,0.3829787234042553,0.3404255319148936,0.10638297872340426,0.0,0.0851063829787234,0.0425531914893617,0.0425531914893617
185,J Syed Mohammad,26,8,11,1,0,4,0,2,0.3076923076923077,0.4230769230769231,0.038461538461538464,0.0,0.15384615384615385,0.0,0.07692307692307693
186,J Theron,12,3,6,0,0,1,0,2,0.25,0.5,0.0,0.0,0.08333333333333333,0.0,0.16666666666666666
187,J Yadav,10,2,6,0,0,0,0,2,0.2,0.6,0.0,0.0,0.0,0.0,0.2
188,JA Morkel,686,187,287,55,1,61,55,40,0.2725947521865889,0.41836734693877553,0.08017492711370262,0.0014577259475218659,0.08892128279883382,0.08017492711370262,0.05830903790087463
189,Jaskaran Singh,11,4,4,2,0,0,0,1,0.36363636363636365,0.36363636363636365,0.18181818181818182,0.0,0.0,0.0,0.09090909090909091
190,JC Buttler,919,292,321,64,2,140,61,39,0.3177366702937976,0.34929270946681173,0.06964091403699674,0.002176278563656148,0.15233949945593037,0.06637649619151251,0.042437431991294884
191,JD Ryder,458,164,145,30,3,69,19,28,0.35807860262008734,0.3165938864628821,0.06550218340611354,0.006550218340611353,0.15065502183406113,0.04148471615720524,0.0611353711790393
192,JD Unadkat,54,16,25,0,0,6,1,6,0.2962962962962963,0.46296296296296297,0.0,0.0,0.1111111111111111,0.018518518518518517,0.1111111111111111
193,JDP Oram,108,40,46,3,0,6,5,8,0.37037037037037035,0.42592592592592593,0.027777777777777776,0.0,0.05555555555555555,0.046296296296296294,0.07407407407407407
194,JDS Neesham,46,22,10,7,0,3,1,3,0.4782608695652174,0.21739130434782608,0.15217391304347827,0.0,0.06521739130434782,0.021739130434782608,0.06521739130434782
195,JE Taylor,3,0,1,1,0,0,0,1,0.0,0.3333333333333333,0.3333333333333333,0.0,0.0,0.0,0.3333333333333333
196,JEC Franklin,301,105,129,22,0,25,9,11,0.3488372093023256,0.42857142857142855,0.07308970099667775,0.0,0.08305647840531562,0.029900332225913623,0.036544850498338874
197,JH Kallis,2221,828,888,113,8,255,44,85,0.37280504277352544,0.39981990094552006,0.050877982890589826,0.0036019810895992796,0.11481314723097703,0.01981089599279604,0.038271049076992344
198,JJ Bumrah,38,12,17,2,0,2,1,4,0.3157894736842105,0.4473684210526316,0.05263157894736842,0.0,0.05263157894736842,0.02631578947368421,0.10526315789473684
199,JJ Roy,135,50,48,6,0,18,8,5,0.37037037037037035,0.35555555555555557,0.044444444444444446,0.0,0.13333333333333333,0.05925925925925926,0.037037037037037035
200,JJ van der Wath,16,5,6,1,0,1,1,2,0.3125,0.375,0.0625,0.0,0.0625,0.0625,0.125
201,JM Kemp,24,8,9,2,1,1,1,2,0.3333333333333333,0.375,0.08333333333333333,0.041666666666666664,0.041666666666666664,0.041666666666666664,0.08333333333333333
202,JO Holder,31,12,6,2,0,4,2,5,0.3870967741935484,0.1935483870967742,0.06451612903225806,0.0,0.12903225806451613,0.06451612903225806,0.16129032258064516
203,Joginder Sharma,30,6,14,3,0,1,2,4,0.2,0.4666666666666667,0.1,0.0,0.03333333333333333,0.06666666666666667,0.13333333333333333
204,JP Duminy,1636,467,781,126,6,126,79,51,0.28545232273838633,0.4773838630806846,0.07701711491442542,0.003667481662591687,0.07701711491442542,0.04828850855745721,0.03117359413202934
205,JP Faulkner,389,103,160,41,1,36,23,25,0.2647814910025707,0.41131105398457585,0.10539845758354756,0.002570694087403599,0.09254498714652956,0.05912596401028278,0.06426735218508997
206,JR Hopes,306,96,114,19,1,49,11,16,0.3137254901960784,0.37254901960784315,0.06209150326797386,0.0032679738562091504,0.16013071895424835,0.03594771241830065,0.05228758169934641
207,K Ahmed,1,0,0,0,0,0,0,1,0.0,0.0,0.0,0.0,0.0,0.0,1.0
208,K Goel,231,107,71,11,1,17,9,15,0.46320346320346323,0.30735930735930733,0.047619047619047616,0.004329004329004329,0.0735930735930736,0.03896103896103896,0.06493506493506493
209,K Gowtham,83,18,23,9,1,10,10,12,0.21686746987951808,0.27710843373493976,0.10843373493975904,0.012048192771084338,0.12048192771084337,0.12048192771084337,0.14457831325301204
210,K Paul,24,10,6,1,0,1,1,5,0.4166666666666667,0.25,0.041666666666666664,0.0,0.041666666666666664,0.041666666666666664,0.20833333333333334
211,K Rabada,79,32,31,3,0,5,2,6,0.4050632911392405,0.3924050632911392,0.0379746835443038,0.0,0.06329113924050633,0.02531645569620253,0.0759493670886076
212,K Upadhyay,9,3,4,1,0,0,1,0,0.3333333333333333,0.4444444444444444,0.1111111111111111,0.0,0.0,0.1111111111111111,0.0
213,KA Pollard,1876,589,704,123,7,181,176,96,0.31396588486140725,0.3752665245202559,0.06556503198294243,0.0037313432835820895,0.0964818763326226,0.09381663113006397,0.0511727078891258
214,KAJ Roach,9,2,4,1,0,1,0,1,0.2222222222222222,0.4444444444444444,0.1111111111111111,0.0,0.1111111111111111,0.0,0.1111111111111111
215,Kamran Akmal,78,28,20,4,0,13,8,5,0.358974358974359,0.2564102564102564,0.05128205128205128,0.0,0.16666666666666666,0.10256410256410256,0.0641025641025641
216,Kamran Khan,5,2,1,1,0,0,0,1,0.4,0.2,0.2,0.0,0.0,0.0,0.2
217,Karanveer Singh,17,8,6,1,0,1,0,1,0.47058823529411764,0.35294117647058826,0.058823529411764705,0.0,0.058823529411764705,0.0,0.058823529411764705
218,KB Arun Karthik,51,17,20,3,1,4,1,5,0.3333333333333333,0.39215686274509803,0.058823529411764705,0.0196078431372549,0.0784313725490196,0.0196078431372549,0.09803921568627451
219,KC Cariappa,21,5,10,1,0,0,2,3,0.23809523809523808,0.47619047619047616,0.047619047619047616,0.0,0.0,0.09523809523809523,0.14285714285714285
220,KC Sangakkara,1391,455,563,81,5,195,27,65,0.32710280373831774,0.404744787922358,0.058231488138030196,0.0035945363048166786,0.14018691588785046,0.019410496046010063,0.04672897196261682
221,KD Karthik,2813,833,1175,206,6,357,101,135,0.29612513330963386,0.4177035193743335,0.07323142552435123,0.002132954141485958,0.1269107714184145,0.03590472804834696,0.047991468183434055
222,KH Pandya,610,176,222,53,3,86,35,35,0.28852459016393445,0.3639344262295082,0.08688524590163935,0.004918032786885246,0.14098360655737704,0.05737704918032787,0.05737704918032787
223,KJ Abbott,8,2,2,1,1,0,1,1,0.25,0.25,0.125,0.125,0.0,0.125,0.125
224,KK Cooper,68,18,16,8,0,9,8,9,0.2647058823529412,0.23529411764705882,0.11764705882352941,0.0,0.1323529411764706,0.11764705882352941,0.1323529411764706
225,KK Nair,1138,380,416,81,5,158,39,59,0.3339191564147627,0.3655536028119508,0.07117750439367311,0.004393673110720563,0.13884007029876977,0.03427065026362039,0.05184534270650264
226,KL Rahul,1431,450,570,104,3,176,81,47,0.31446540880503143,0.39832285115303984,0.0726764500349406,0.0020964360587002098,0.12299091544374563,0.05660377358490566,0.03284416491963662
227,KM Jadhav,853,249,372,54,1,92,38,47,0.29191090269636577,0.4361078546307151,0.06330597889800703,0.0011723329425556857,0.10785463071512309,0.044548651817116064,0.05509964830011723
228,KMDN Kulasekara,3,1,1,0,0,1,0,0,0.3333333333333333,0.3333333333333333,0.0,0.0,0.3333333333333333,0.0,0.0
229,KP Appanna,4,1,2,0,0,0,0,1,0.25,0.5,0.0,0.0,0.0,0.0,0.25
230,KP Pietersen,742,247,284,48,4,91,40,28,0.3328840970350404,0.38274932614555257,0.0646900269541779,0.005390835579514825,0.12264150943396226,0.05390835579514825,0.03773584905660377
231,KS Williamson,963,267,429,74,4,111,44,34,0.2772585669781931,0.4454828660436137,0.07684319833852545,0.004153686396677051,0.11526479750778816,0.04569055036344756,0.035306334371754934
232,Kuldeep Yadav,54,23,16,6,0,4,0,5,0.42592592592592593,0.2962962962962963,0.1111111111111111,0.0,0.07407407407407407,0.0,0.09259259259259259
233,KV Sharma,274,84,114,22,1,18,14,21,0.30656934306569344,0.41605839416058393,0.08029197080291971,0.0036496350364963502,0.06569343065693431,0.051094890510948905,0.07664233576642336
234,KW Richardson,39,14,16,3,0,2,1,3,0.358974358974359,0.41025641025641024,0.07692307692307693,0.0,0.05128205128205128,0.02564102564102564,0.07692307692307693
235,L Ablish,2,2,0,0,0,0,0,0,1.0,0.0,0.0,0.0,0.0,0.0,0.0
236,L Balaji,49,20,15,2,1,2,1,8,0.40816326530612246,0.30612244897959184,0.04081632653061224,0.02040816326530612,0.04081632653061224,0.02040816326530612,0.16326530612244897
237,L Livingstone,48,19,13,2,0,6,5,3,0.3958333333333333,0.2708333333333333,0.041666666666666664,0.0,0.125,0.10416666666666667,0.0625
238,L Plunkett,3,1,1,0,0,0,0,1,0.3333333333333333,0.3333333333333333,0.0,0.0,0.0,0.0,0.3333333333333333
239,L Ronchi,34,18,4,0,0,6,1,5,0.5294117647058824,0.11764705882352941,0.0,0.0,0.17647058823529413,0.029411764705882353,0.14705882352941177
240,LA Carseldine,68,24,23,4,2,11,0,4,0.35294117647058826,0.3382352941176471,0.058823529411764705,0.029411764705882353,0.16176470588235295,0.0,0.058823529411764705
241,LA Pomersbach,246,93,85,18,1,25,13,11,0.3780487804878049,0.34552845528455284,0.07317073170731707,0.0040650406504065045,0.1016260162601626,0.052845528455284556,0.044715447154471545
242,LH Ferguson,1,0,1,0,0,0,0,0,0.0,1.0,0.0,0.0,0.0,0.0,0.0
243,LJ Wright,60,14,20,2,0,16,3,5,0.23333333333333334,0.3333333333333333,0.03333333333333333,0.0,0.26666666666666666,0.05,0.08333333333333333
244,LMP Simmons,852,349,269,52,2,109,44,27,0.4096244131455399,0.31572769953051644,0.06103286384976526,0.002347417840375587,0.12793427230046947,0.051643192488262914,0.03169014084507042
245,LPC Silva,26,7,8,3,0,5,1,2,0.2692307692307692,0.3076923076923077,0.11538461538461539,0.0,0.19230769230769232,0.038461538461538464,0.07692307692307693
246,LR Shukla,350,117,137,20,0,33,16,27,0.3342857142857143,0.3914285714285714,0.05714285714285714,0.0,0.09428571428571429,0.045714285714285714,0.07714285714285714
247,LRPL Taylor,820,269,334,62,3,66,46,40,0.3280487804878049,0.4073170731707317,0.07560975609756097,0.003658536585365854,0.08048780487804878,0.05609756097560976,0.04878048780487805
248,M Ali,179,52,65,7,0,20,23,12,0.2905027932960894,0.36312849162011174,0.03910614525139665,0.0,0.11173184357541899,0.12849162011173185,0.0670391061452514
249,M Ashwin,8,1,4,0,0,0,0,3,0.125,0.5,0.0,0.0,0.0,0.0,0.375
250,M de Lange,2,0,1,0,0,0,0,1,0.0,0.5,0.0,0.0,0.0,0.0,0.5
251,M Kaif,250,94,86,23,1,22,6,18,0.376,0.344,0.092,0.004,0.088,0.024,0.072
252,M Kartik,108,24,60,8,1,7,1,7,0.2222222222222222,0.5555555555555556,0.07407407407407407,0.009259259259259259,0.06481481481481481,0.009259259259259259,0.06481481481481481
253,M Klinger,77,31,30,2,1,9,0,4,0.4025974025974026,0.38961038961038963,0.025974025974025976,0.012987012987012988,0.11688311688311688,0.0,0.05194805194805195
254,M Lomror,24,7,8,4,0,3,0,2,0.2916666666666667,0.3333333333333333,0.16666666666666666,0.0,0.125,0.0,0.08333333333333333
255,M Manhas,470,158,191,44,1,43,10,23,0.33617021276595743,0.40638297872340423,0.09361702127659574,0.002127659574468085,0.09148936170212765,0.02127659574468085,0.04893617021276596
256,M Markande,29,11,9,3,0,3,0,3,0.3793103448275862,0.3103448275862069,0.10344827586206896,0.0,0.10344827586206896,0.0,0.10344827586206896
257,M Morkel,90,21,33,8,1,11,5,11,0.23333333333333334,0.36666666666666664,0.08888888888888889,0.011111111111111112,0.12222222222222222,0.05555555555555555,0.12222222222222222
258,M Muralitharan,30,11,9,2,1,1,0,6,0.36666666666666664,0.3,0.06666666666666667,0.03333333333333333,0.03333333333333333,0.0,0.2
259,M Ntini,18,13,1,1,0,2,0,1,0.7222222222222222,0.05555555555555555,0.05555555555555555,0.0,0.1111111111111111,0.0,0.05555555555555555
260,M Rawat,69,28,29,2,0,4,1,5,0.4057971014492754,0.42028985507246375,0.028985507246376812,0.0,0.057971014492753624,0.014492753623188406,0.07246376811594203
261,M Santner,23,7,10,2,0,0,3,1,0.30434782608695654,0.43478260869565216,0.08695652173913043,0.0,0.0,0.13043478260869565,0.043478260869565216
262,M Ur Rahman,11,5,2,0,0,2,0,2,0.45454545454545453,0.18181818181818182,0.0,0.0,0.18181818181818182,0.0,0.18181818181818182
263,M Vijay,2105,806,687,163,17,243,91,98,0.3828978622327791,0.32636579572446556,0.07743467933491686,0.008076009501187649,0.1154394299287411,0.04323040380047506,0.04655581947743468
264,M Vohra,767,283,234,62,9,97,39,43,0.36897001303780963,0.3050847457627119,0.08083441981747067,0.011734028683181226,0.12646675358539766,0.05084745762711865,0.0560625814863103
265,M Wood,3,1,1,0,0,0,0,1,0.3333333333333333,0.3333333333333333,0.0,0.0,0.0,0.0,0.3333333333333333
266,MA Agarwal,986,323,374,51,0,117,52,69,0.3275862068965517,0.3793103448275862,0.05172413793103448,0.0,0.11866125760649088,0.05273833671399594,0.06997971602434078
267,MA Khote,22,8,8,1,0,2,1,2,0.36363636363636365,0.36363636363636365,0.045454545454545456,0.0,0.09090909090909091,0.045454545454545456,0.09090909090909091
268,MA Starc,98,34,38,9,0,10,0,7,0.3469387755102041,0.3877551020408163,0.09183673469387756,0.0,0.10204081632653061,0.0,0.07142857142857142
269,Mandeep Singh,1227,385,477,101,3,160,33,68,0.31377343113284434,0.38875305623471884,0.08231458842705787,0.0024449877750611247,0.13039934800325997,0.02689486552567237,0.05541972290138549
270,Mashrafe Mortaza,2,1,0,1,0,0,0,0,0.5,0.0,0.5,0.0,0.0,0.0,0.0
271,MC Henriques,756,225,310,70,3,87,27,34,0.2976190476190476,0.41005291005291006,0.09259259259259259,0.003968253968253968,0.11507936507936507,0.03571428571428571,0.04497354497354497
272,MC Juneja,128,41,61,7,0,11,1,7,0.3203125,0.4765625,0.0546875,0.0,0.0859375,0.0078125,0.0546875
273,MD Mishra,208,81,65,14,0,24,8,16,0.3894230769230769,0.3125,0.0673076923076923,0.0,0.11538461538461539,0.038461538461538464,0.07692307692307693
274,MDKJ Perera,13,6,2,0,0,3,0,2,0.46153846153846156,0.15384615384615385,0.0,0.0,0.23076923076923078,0.0,0.15384615384615385
275,MEK Hussey,1612,556,648,96,11,198,52,51,0.34491315136476425,0.40198511166253104,0.05955334987593052,0.006823821339950372,0.1228287841191067,0.03225806451612903,0.03163771712158809
276,MF Maharoof,123,33,43,16,0,12,9,10,0.2682926829268293,0.34959349593495936,0.13008130081300814,0.0,0.0975609756097561,0.07317073170731707,0.08130081300813008
277,MG Johnson,164,63,58,12,1,10,7,13,0.38414634146341464,0.35365853658536583,0.07317073170731707,0.006097560975609756,0.06097560975609756,0.042682926829268296,0.07926829268292683
278,Misbah-ul-Haq,81,23,29,6,0,10,6,7,0.2839506172839506,0.35802469135802467,0.07407407407407407,0.0,0.12345679012345678,0.07407407407407407,0.08641975308641975
279,MJ Clarke,93,35,35,5,0,12,0,6,0.3763440860215054,0.3763440860215054,0.053763440860215055,0.0,0.12903225806451613,0.0,0.06451612903225806
280,MJ Guptill,195,76,59,7,2,24,15,12,0.38974358974358975,0.30256410256410254,0.035897435897435895,0.010256410256410256,0.12307692307692308,0.07692307692307693,0.06153846153846154
281,MJ Lumb,194,80,41,9,1,45,6,12,0.41237113402061853,0.211340206185567,0.04639175257731959,0.005154639175257732,0.23195876288659795,0.030927835051546393,0.061855670103092786
282,MJ McClenaghan,70,24,21,1,0,5,7,12,0.34285714285714286,0.3,0.014285714285714285,0.0,0.07142857142857142,0.1,0.17142857142857143
283,MK Pandey,2351,742,1005,171,8,253,75,97,0.3156103785623139,0.42747766907698853,0.07273500638026371,0.0034028073160357296,0.10761378136962994,0.031901318587834966,0.04125903870693322
284,MK Tiwary,1445,472,633,77,8,156,40,59,0.32664359861591696,0.4380622837370242,0.05328719723183391,0.005536332179930796,0.10795847750865052,0.02768166089965398,0.04083044982698962
285,ML Hayden,805,303,257,48,2,121,44,30,0.3763975155279503,0.31925465838509315,0.05962732919254658,0.002484472049689441,0.15031055900621118,0.0546583850931677,0.037267080745341616
286,MM Patel,41,12,17,1,0,5,0,6,0.2926829268292683,0.4146341463414634,0.024390243902439025,0.0,0.12195121951219512,0.0,0.14634146341463414
287,MM Sharma,117,36,45,7,1,9,4,15,0.3076923076923077,0.38461538461538464,0.05982905982905983,0.008547008547008548,0.07692307692307693,0.03418803418803419,0.1282051282051282
288,MN Samuels,172,71,61,11,0,9,7,13,0.4127906976744186,0.3546511627906977,0.06395348837209303,0.0,0.05232558139534884,0.040697674418604654,0.0755813953488372
289,MN van Wyk,132,38,58,12,1,19,1,3,0.2878787878787879,0.4393939393939394,0.09090909090909091,0.007575757575757576,0.14393939393939395,0.007575757575757576,0.022727272727272728
290,Mohammad Ashraful,10,7,2,0,0,0,0,1,0.7,0.2,0.0,0.0,0.0,0.0,0.1
291,Mohammad Asif,6,1,3,0,0,0,0,2,0.16666666666666666,0.5,0.0,0.0,0.0,0.0,0.3333333333333333
292,Mohammad Hafeez,83,43,24,0,0,7,2,7,0.5180722891566265,0.2891566265060241,0.0,0.0,0.08433734939759036,0.024096385542168676,0.08433734939759036
293,Mohammad Nabi,91,23,34,6,1,11,7,9,0.25274725274725274,0.37362637362637363,0.06593406593406594,0.01098901098901099,0.12087912087912088,0.07692307692307693,0.0989010989010989
294,Mohammed Shami,53,17,18,2,0,5,2,9,0.32075471698113206,0.33962264150943394,0.03773584905660377,0.0,0.09433962264150944,0.03773584905660377,0.16981132075471697
295,Mohammed Siraj,36,14,16,0,0,2,1,3,0.3888888888888889,0.4444444444444444,0.0,0.0,0.05555555555555555,0.027777777777777776,0.08333333333333333
296,MP Stoinis,364,109,148,39,1,34,18,15,0.29945054945054944,0.4065934065934066,0.10714285714285714,0.0027472527472527475,0.09340659340659341,0.04945054945054945,0.04120879120879121
297,MR Marsh,196,67,83,11,0,9,14,12,0.34183673469387754,0.42346938775510207,0.05612244897959184,0.0,0.04591836734693878,0.07142857142857142,0.061224489795918366
298,MS Bisla,702,302,207,36,3,93,23,38,0.4301994301994302,0.2948717948717949,0.05128205128205128,0.004273504273504274,0.13247863247863248,0.03276353276353276,0.05413105413105413
299,MS Dhoni,3215,945,1342,304,13,297,209,105,0.2939346811819596,0.41741835147744943,0.09455676516329704,0.004043545878693624,0.09237947122861587,0.06500777604976672,0.03265940902021773
300,MS Gony,71,24,19,4,0,6,8,10,0.3380281690140845,0.2676056338028169,0.056338028169014086,0.0,0.08450704225352113,0.11267605633802817,0.14084507042253522
301,MS Wade,33,12,14,4,0,0,0,3,0.36363636363636365,0.42424242424242425,0.12121212121212122,0.0,0.0,0.0,0.09090909090909091
302,Mustafizur Rahman,3,1,1,0,0,0,0,1,0.3333333333333333,0.3333333333333333,0.0,0.0,0.0,0.0,0.3333333333333333
303,MV Boucher,309,93,127,29,1,32,13,14,0.30097087378640774,0.4110032362459547,0.09385113268608414,0.003236245954692557,0.10355987055016182,0.042071197411003236,0.045307443365695796
304,N Naik,16,11,3,0,0,1,0,1,0.6875,0.1875,0.0,0.0,0.0625,0.0,0.0625
305,N Pooran,107,40,30,7,0,10,14,6,0.37383177570093457,0.2803738317757009,0.06542056074766354,0.0,0.09345794392523364,0.1308411214953271,0.056074766355140186
306,N Rana,807,280,307,37,1,84,60,38,0.3469640644361834,0.38042131350681535,0.04584882280049566,0.0012391573729863693,0.10408921933085502,0.07434944237918216,0.04708798017348203
307,N Saini,145,57,45,15,1,16,0,11,0.3931034482758621,0.3103448275862069,0.10344827586206896,0.006896551724137931,0.1103448275862069,0.0,0.07586206896551724
308,ND Doshi,13,12,0,0,0,0,0,1,0.9230769230769231,0.0,0.0,0.0,0.0,0.0,0.07692307692307693
309,Niraj Patel,119,52,38,9,1,14,1,4,0.4369747899159664,0.31932773109243695,0.07563025210084033,0.008403361344537815,0.11764705882352941,0.008403361344537815,0.03361344537815126
310,NJ Maddinson,21,12,1,0,1,4,0,3,0.5714285714285714,0.047619047619047616,0.0,0.047619047619047616,0.19047619047619047,0.0,0.14285714285714285
311,NJ Rimmington,1,0,1,0,0,0,0,0,0.0,1.0,0.0,0.0,0.0,0.0,0.0
312,NL McCullum,22,6,9,4,1,0,1,1,0.2727272727272727,0.4090909090909091,0.18181818181818182,0.045454545454545456,0.0,0.045454545454545456,0.045454545454545456
313,NLTC Perera,307,90,119,26,1,23,26,22,0.2931596091205212,0.38762214983713356,0.08469055374592833,0.003257328990228013,0.0749185667752443,0.08469055374592833,0.07166123778501629
314,NM Coulter-Nile,50,20,14,1,0,3,4,8,0.4,0.28,0.02,0.0,0.06,0.08,0.16
315,NS Naik,31,12,13,3,0,1,0,2,0.3870967741935484,0.41935483870967744,0.0967741935483871,0.0,0.03225806451612903,0.0,0.06451612903225806
316,NV Ojha,1313,526,438,64,10,121,79,75,0.4006092916984006,0.3335872048743336,0.048743335872048744,0.007616146230007616,0.09215536938309216,0.060167555217060166,0.05712109672505712
317,OA Shah,389,118,168,29,2,34,23,15,0.3033419023136247,0.4318766066838046,0.07455012853470437,0.005141388174807198,0.08740359897172237,0.05912596401028278,0.038560411311053984
318,P Awana,14,7,5,0,0,0,0,2,0.5,0.35714285714285715,0.0,0.0,0.0,0.0,0.14285714285714285
319,P Chopra,6,3,0,0,0,2,0,1,0.5,0.0,0.0,0.0,0.3333333333333333,0.0,0.16666666666666666
320,P Dogra,138,49,58,10,1,4,5,11,0.35507246376811596,0.42028985507246375,0.07246376811594203,0.007246376811594203,0.028985507246376812,0.036231884057971016,0.07971014492753623
321,P Krishna,7,5,1,0,0,0,0,1,0.7142857142857143,0.14285714285714285,0.0,0.0,0.0,0.0,0.14285714285714285
322,P Kumar,314,111,102,24,0,22,17,38,0.3535031847133758,0.3248407643312102,0.07643312101910828,0.0,0.07006369426751592,0.054140127388535034,0.12101910828025478
323,P Negi,289,86,108,25,1,27,16,26,0.2975778546712803,0.3737024221453287,0.08650519031141868,0.0034602076124567475,0.09342560553633218,0.05536332179930796,0.08996539792387544
324,P Parameswaran,2,1,1,0,0,0,0,0,0.5,0.5,0.0,0.0,0.0,0.0,0.0
325,P R Barman,24,10,11,0,0,2,0,1,0.4166666666666667,0.4583333333333333,0.0,0.0,0.08333333333333333,0.0,0.041666666666666664
326,P Raj,1,1,0,0,0,0,0,0,1.0,0.0,0.0,0.0,0.0,0.0,0.0
327,P Sahu,13,3,5,2,0,1,1,1,0.23076923076923078,0.38461538461538464,0.15384615384615385,0.0,0.07692307692307693,0.07692307692307693,0.07692307692307693
328,P Shaw,424,137,148,21,2,72,19,25,0.3231132075471698,0.3490566037735849,0.049528301886792456,0.0047169811320754715,0.16981132075471697,0.04481132075471698,0.0589622641509434
329,PA Patel,2359,872,812,127,8,365,49,126,0.36964815599830436,0.34421364985163205,0.05383637134378974,0.003391267486222976,0.15472657905892329,0.020771513353115726,0.05341246290801187
330,PA Reddy,160,55,65,12,1,15,2,10,0.34375,0.40625,0.075,0.00625,0.09375,0.0125,0.0625
331,Pankaj Singh,12,4,5,1,0,0,0,2,0.3333333333333333,0.4166666666666667,0.08333333333333333,0.0,0.0,0.0,0.16666666666666666
332,Parvez Rasool,20,5,11,1,0,1,0,2,0.25,0.55,0.05,0.0,0.05,0.0,0.1
333,PC Valthaty,418,194,101,20,0,61,20,22,0.46411483253588515,0.24162679425837322,0.04784688995215311,0.0,0.145933014354067,0.04784688995215311,0.05263157894736842
334,PD Collingwood,156,52,66,10,1,9,13,5,0.3333333333333333,0.4230769230769231,0.0641025641025641,0.00641025641025641,0.057692307692307696,0.08333333333333333,0.03205128205128205
335,PJ Cummins,55,14,19,7,0,5,4,6,0.2545454545454545,0.34545454545454546,0.12727272727272726,0.0,0.09090909090909091,0.07272727272727272,0.10909090909090909
336,PJ Sangwan,39,14,14,3,0,1,0,7,0.358974358974359,0.358974358974359,0.07692307692307693,0.0,0.02564102564102564,0.0,0.1794871794871795
337,PM Sarvesh Kumar,2,1,1,0,0,0,0,0,0.5,0.5,0.0,0.0,0.0,0.0,0.0
338,PP Chawla,524,179,189,34,1,54,18,49,0.3416030534351145,0.3606870229007634,0.0648854961832061,0.0019083969465648854,0.10305343511450382,0.03435114503816794,0.09351145038167939
339,PP Ojha,45,18,14,1,0,0,0,12,0.4,0.3111111111111111,0.022222222222222223,0.0,0.0,0.0,0.26666666666666666
340,PR Shah,91,36,28,8,0,9,2,8,0.3956043956043956,0.3076923076923077,0.08791208791208792,0.0,0.0989010989010989,0.02197802197802198,0.08791208791208792
341,PSP Handscomb,12,5,6,0,0,0,0,1,0.4166666666666667,0.5,0.0,0.0,0.0,0.0,0.08333333333333333
342,PV Tambe,39,22,14,0,0,1,0,2,0.5641025641025641,0.358974358974359,0.0,0.0,0.02564102564102564,0.0,0.05128205128205128
343,Q de Kock,1110,403,394,51,4,156,54,48,0.3630630630630631,0.35495495495495494,0.04594594594594595,0.0036036036036036037,0.14054054054054055,0.04864864864864865,0.043243243243243246
344,R Ashwin,339,95,147,20,0,32,10,35,0.28023598820059,0.4336283185840708,0.058997050147492625,0.0,0.0943952802359882,0.029498525073746312,0.10324483775811209
345,R Bhatia,284,74,119,23,1,24,13,30,0.2605633802816901,0.41901408450704225,0.08098591549295775,0.0035211267605633804,0.08450704225352113,0.045774647887323945,0.1056338028169014
346,R Bhui,17,10,3,2,0,0,0,2,0.5882352941176471,0.17647058823529413,0.11764705882352941,0.0,0.0,0.0,0.11764705882352941
347,R Bishnoi,17,8,3,0,0,1,2,3,0.47058823529411764,0.17647058823529413,0.0,0.0,0.058823529411764705,0.11764705882352941,0.17647058823529413
348,R Dhawan,135,49,48,13,1,13,4,7,0.362962962962963,0.35555555555555557,0.0962962962962963,0.007407407407407408,0.0962962962962963,0.02962962962962963,0.05185185185185185
349,R Dravid,1880,706,681,118,1,269,28,77,0.37553191489361704,0.36223404255319147,0.0627659574468085,0.0005319148936170213,0.14308510638297872,0.014893617021276596,0.040957446808510635
350,R McLaren,171,61,78,8,1,14,1,8,0.3567251461988304,0.45614035087719296,0.04678362573099415,0.005847953216374269,0.08187134502923976,0.005847953216374269,0.04678362573099415
351,R Ninan,6,2,3,0,0,0,0,1,0.3333333333333333,0.5,0.0,0.0,0.0,0.0,0.16666666666666666
352,R Parag,126,43,50,6,0,17,5,5,0.3412698412698413,0.3968253968253968,0.047619047619047616,0.0,0.1349206349206349,0.03968253968253968,0.03968253968253968
353,R Rampaul,50,19,15,6,0,3,2,5,0.38,0.3,0.12,0.0,0.06,0.04,0.1
354,R Salam,4,1,1,2,0,0,0,0,0.25,0.25,0.5,0.0,0.0,0.0,0.0
355,R Sathish,231,70,89,24,3,22,6,17,0.30303030303030304,0.3852813852813853,0.1038961038961039,0.012987012987012988,0.09523809523809523,0.025974025974025976,0.0735930735930736
356,R Sharma,75,32,14,7,0,5,3,14,0.4266666666666667,0.18666666666666668,0.09333333333333334,0.0,0.06666666666666667,0.04,0.18666666666666668
357,R Shukla,23,9,11,0,0,2,0,1,0.391304347826087,0.4782608695652174,0.0,0.0,0.08695652173913043,0.0,0.043478260869565216
358,R Singh,65,21,28,3,0,5,2,6,0.3230769230769231,0.4307692307692308,0.046153846153846156,0.0,0.07692307692307693,0.03076923076923077,0.09230769230769231
359,R Tewatia,89,27,35,7,0,11,3,6,0.30337078651685395,0.39325842696629215,0.07865168539325842,0.0,0.12359550561797752,0.033707865168539325,0.06741573033707865
360,R Vinay Kumar,274,75,110,31,0,21,9,28,0.2737226277372263,0.40145985401459855,0.11313868613138686,0.0,0.07664233576642336,0.032846715328467155,0.10218978102189781
361,RA Jadeja,1571,449,692,145,5,135,65,80,0.28580521960534694,0.44048376830044556,0.09229789942711648,0.003182686187141948,0.0859325270528326,0.041374920432845325,0.050922978994271166
362,RA Tripathi,553,169,210,42,2,74,27,29,0.30560578661844484,0.379746835443038,0.0759493670886076,0.003616636528028933,0.13381555153707053,0.048824593128390596,0.05244122965641953
363,Rashid Khan,63,13,18,6,0,5,9,12,0.20634920634920634,0.2857142857142857,0.09523809523809523,0.0,0.07936507936507936,0.14285714285714285,0.19047619047619047
364,RD Chahar,13,4,3,2,0,2,0,2,0.3076923076923077,0.23076923076923078,0.15384615384615385,0.0,0.15384615384615385,0.0,0.15384615384615385
365,RE Levi,73,34,19,0,0,10,4,6,0.4657534246575342,0.2602739726027397,0.0,0.0,0.136986301369863,0.0547945205479452,0.0821917808219178
366,RE van der Merwe,141,52,53,4,2,11,8,11,0.36879432624113473,0.375886524822695,0.028368794326241134,0.014184397163120567,0.07801418439716312,0.05673758865248227,0.07801418439716312
367,RG More,2,0,2,0,0,0,0,0,0.0,1.0,0.0,0.0,0.0,0.0,0.0
368,RG Sharma,3743,1177,1576,204,5,431,195,155,0.31445364680737375,0.42105263157894735,0.05450173657493989,0.0013358268768367619,0.11514827678332888,0.052097248196633715,0.04141063318193962
369,RJ Harris,112,34,40,16,1,6,3,12,0.30357142857142855,0.35714285714285715,0.14285714285714285,0.008928571428571428,0.05357142857142857,0.026785714285714284,0.10714285714285714
370,RJ Peterson,30,10,12,1,0,3,1,3,0.3333333333333333,0.4,0.03333333333333333,0.0,0.1,0.03333333333333333,0.1
371,RJ Quiney,102,47,30,2,1,12,3,7,0.46078431372549017,0.29411764705882354,0.0196078431372549,0.00980392156862745,0.11764705882352941,0.029411764705882353,0.06862745098039216
372,RN ten Doeschate,235,63,102,15,0,26,15,14,0.2680851063829787,0.4340425531914894,0.06382978723404255,0.0,0.11063829787234042,0.06382978723404255,0.059574468085106386
373,RP Singh,76,24,31,2,1,2,1,15,0.3157894736842105,0.40789473684210525,0.02631578947368421,0.013157894736842105,0.02631578947368421,0.013157894736842105,0.19736842105263158
374,RR Bhatkal,2,1,0,0,0,0,0,1,0.5,0.0,0.0,0.0,0.0,0.0,0.5
375,RR Pant,1066,286,415,69,2,152,94,48,0.2682926829268293,0.3893058161350844,0.0647279549718574,0.001876172607879925,0.1425891181988743,0.08818011257035648,0.0450281425891182
376,RR Powar,64,24,23,7,0,6,1,3,0.375,0.359375,0.109375,0.0,0.09375,0.015625,0.046875
377,RR Raje,18,5,10,0,0,1,1,1,0.2777777777777778,0.5555555555555556,0.0,0.0,0.05555555555555555,0.05555555555555555,0.05555555555555555
378,RR Rossouw,51,20,17,3,0,3,3,5,0.39215686274509803,0.3333333333333333,0.058823529411764705,0.0,0.058823529411764705,0.058823529411764705,0.09803921568627451
379,RR Sarwan,75,27,31,6,0,6,1,4,0.36,0.41333333333333333,0.08,0.0,0.08,0.013333333333333334,0.05333333333333334
380,RS Bopara,453,142,204,27,7,39,16,18,0.31346578366445915,0.4503311258278146,0.059602649006622516,0.01545253863134658,0.08609271523178808,0.03532008830022075,0.039735099337748346
381,RS Gavaskar,8,5,2,0,0,0,0,1,0.625,0.25,0.0,0.0,0.0,0.0,0.125
382,RS Sodhi,2,1,0,0,0,1,0,0,0.5,0.0,0.0,0.0,0.5,0.0,0.0
383,RT Ponting,128,59,47,6,0,5,2,9,0.4609375,0.3671875,0.046875,0.0,0.0390625,0.015625,0.0703125
384,RV Gomez,51,20,16,4,0,5,1,5,0.39215686274509803,0.3137254901960784,0.0784313725490196,0.0,0.09803921568627451,0.0196078431372549,0.09803921568627451
385,RV Uthappa,3379,1144,1273,205,13,435,156,153,0.33856170464634505,0.37673868008286476,0.06066883693400414,0.0038472920982539215,0.1287363125184966,0.04616750517904705,0.04527966854098846
386,S Anirudha,113,38,44,7,0,9,7,8,0.336283185840708,0.3893805309734513,0.061946902654867256,0.0,0.07964601769911504,0.061946902654867256,0.07079646017699115
387,S Aravind,57,20,21,5,0,7,0,4,0.3508771929824561,0.3684210526315789,0.08771929824561403,0.0,0.12280701754385964,0.0,0.07017543859649122
388,S Badree,23,7,9,2,0,0,0,5,0.30434782608695654,0.391304347826087,0.08695652173913043,0.0,0.0,0.0,0.21739130434782608
389,S Badrinath,1212,413,484,85,1,154,28,47,0.34075907590759075,0.39933993399339934,0.07013201320132013,0.0008250825082508251,0.12706270627062707,0.0231023102310231,0.038778877887788776
390,S Chanderpaul,31,15,9,0,0,4,0,3,0.4838709677419355,0.2903225806451613,0.0,0.0,0.12903225806451613,0.0,0.0967741935483871
391,S Curran,55,17,11,7,0,13,3,4,0.3090909090909091,0.2,0.12727272727272726,0.0,0.23636363636363636,0.05454545454545454,0.07272727272727272
392,S Dhawan,3669,1250,1443,201,18,524,96,137,0.3406922867266285,0.39329517579721995,0.05478331970564186,0.004905968928863451,0.14281820659580266,0.02616516762060507,0.03733987462523849
393,S Dube,33,9,16,1,0,1,3,3,0.2727272727272727,0.48484848484848486,0.030303030303030304,0.0,0.030303030303030304,0.09090909090909091,0.09090909090909091
394,S Gill,377,98,177,27,2,43,15,15,0.259946949602122,0.46949602122015915,0.07161803713527852,0.005305039787798408,0.11405835543766578,0.03978779840848806,0.03978779840848806
395,S Gopal,118,38,47,9,0,14,1,9,0.3220338983050847,0.3983050847457627,0.07627118644067797,0.0,0.11864406779661017,0.00847457627118644,0.07627118644067797
396,S Hetmyer,73,26,30,1,0,4,7,5,0.3561643835616438,0.410958904109589,0.0136986301369863,0.0,0.0547945205479452,0.0958904109589041,0.0684931506849315
397,S Kaul,28,16,4,4,0,0,0,4,0.5714285714285714,0.14285714285714285,0.14285714285714285,0.0,0.0,0.0,0.14285714285714285
398,S Kaushik,1,0,0,0,0,0,0,1,0.0,0.0,0.0,0.0,0.0,0.0,1.0
399,S Ladda,9,8,0,0,0,0,0,1,0.8888888888888888,0.0,0.0,0.0,0.0,0.0,0.1111111111111111
400,S Lamichhane,1,0,0,0,0,0,0,1,0.0,0.0,0.0,0.0,0.0,0.0,1.0
401,S Mavi,15,4,5,2,0,1,0,3,0.26666666666666666,0.3333333333333333,0.13333333333333333,0.0,0.06666666666666667,0.0,0.2
402,S Nadeem,78,40,22,3,0,1,0,12,0.5128205128205128,0.28205128205128205,0.038461538461538464,0.0,0.01282051282051282,0.0,0.15384615384615385
403,S Narwal,27,7,9,2,0,6,0,3,0.25925925925925924,0.3333333333333333,0.07407407407407407,0.0,0.2222222222222222,0.0,0.1111111111111111
404,S Rana,81,28,29,10,0,9,1,4,0.345679012345679,0.35802469135802467,0.12345679012345678,0.0,0.1111111111111111,0.012345679012345678,0.04938271604938271
405,S Randiv,4,2,0,1,0,0,0,1,0.5,0.0,0.25,0.0,0.0,0.0,0.25
406,S Rutherford,54,20,17,3,0,2,7,5,0.37037037037037035,0.3148148148148148,0.05555555555555555,0.0,0.037037037037037035,0.12962962962962962,0.09259259259259259
407,S Sharma,3,0,2,0,0,1,0,0,0.0,0.6666666666666666,0.0,0.0,0.3333333333333333,0.0,0.0
408,S Singh,17,9,4,1,0,1,1,1,0.5294117647058824,0.23529411764705882,0.058823529411764705,0.0,0.058823529411764705,0.058823529411764705,0.058823529411764705
409,S Sohal,291,119,82,17,1,34,18,20,0.40893470790378006,0.281786941580756,0.058419243986254296,0.003436426116838488,0.11683848797250859,0.061855670103092786,0.06872852233676977
410,S Sreesanth,55,37,6,2,0,6,0,4,0.6727272727272727,0.10909090909090909,0.03636363636363636,0.0,0.10909090909090909,0.0,0.07272727272727272
411,S Sriram,36,14,15,2,0,3,0,2,0.3888888888888889,0.4166666666666667,0.05555555555555555,0.0,0.08333333333333333,0.0,0.05555555555555555
412,S Tyagi,4,0,3,0,0,0,0,1,0.0,0.75,0.0,0.0,0.0,0.0,0.25
413,S Vidyut,109,41,30,5,1,21,3,8,0.3761467889908257,0.27522935779816515,0.045871559633027525,0.009174311926605505,0.1926605504587156,0.027522935779816515,0.07339449541284404
414,SA Abbott,13,5,3,1,0,1,1,2,0.38461538461538464,0.23076923076923078,0.07692307692307693,0.0,0.07692307692307693,0.07692307692307693,0.15384615384615385
415,SA Asnodkar,339,131,105,17,0,56,10,20,0.3864306784660767,0.30973451327433627,0.05014749262536873,0.0,0.16519174041297935,0.029498525073746312,0.058997050147492625
416,SA Yadav,465,132,196,32,2,54,21,28,0.2838709677419355,0.421505376344086,0.06881720430107527,0.004301075268817204,0.11612903225806452,0.04516129032258064,0.060215053763440864
417,Sachin Baby,101,27,37,13,0,11,5,8,0.26732673267326734,0.36633663366336633,0.12871287128712872,0.0,0.10891089108910891,0.04950495049504951,0.07920792079207921
418,Salman Butt,161,68,47,7,0,30,2,7,0.422360248447205,0.2919254658385093,0.043478260869565216,0.0,0.18633540372670807,0.012422360248447204,0.043478260869565216
419,Sandeep Sharma,39,14,20,1,0,1,0,3,0.358974358974359,0.5128205128205128,0.02564102564102564,0.0,0.02564102564102564,0.0,0.07692307692307693
420,SB Bangar,58,21,25,1,0,1,3,7,0.3620689655172414,0.43103448275862066,0.017241379310344827,0.0,0.017241379310344827,0.05172413793103448,0.1206896551724138
421,SB Jakati,29,10,14,1,0,3,0,1,0.3448275862068966,0.4827586206896552,0.034482758620689655,0.0,0.10344827586206896,0.0,0.034482758620689655
422,SB Joshi,14,6,6,0,0,0,0,2,0.42857142857142855,0.42857142857142855,0.0,0.0,0.0,0.0,0.14285714285714285
423,SB Styris,133,45,63,5,0,10,3,7,0.3383458646616541,0.47368421052631576,0.03759398496240601,0.0,0.07518796992481203,0.022556390977443608,0.05263157894736842
424,SB Wagh,3,0,0,1,0,0,0,2,0.0,0.0,0.3333333333333333,0.0,0.0,0.0,0.6666666666666666
425,SC Ganguly,1262,546,427,54,3,137,42,53,0.4326465927099842,0.33835182250396195,0.042789223454833596,0.002377179080824089,0.10855784469096671,0.03328050713153724,0.041996830427892234
426,SD Chitnis,89,28,37,5,0,10,2,7,0.3146067415730337,0.4157303370786517,0.056179775280898875,0.0,0.11235955056179775,0.02247191011235955,0.07865168539325842
427,SD Lad,13,7,2,0,1,1,1,1,0.5384615384615384,0.15384615384615385,0.0,0.07692307692307693,0.07692307692307693,0.07692307692307693,0.07692307692307693
428,SE Bond,2,0,1,0,0,0,0,1,0.0,0.5,0.0,0.0,0.0,0.0,0.5
429,SE Marsh,1865,630,724,99,6,266,78,62,0.3378016085790885,0.38820375335120644,0.05308310991957105,0.0032171581769436996,0.142627345844504,0.0418230563002681,0.03324396782841823
430,Shahid Afridi,45,12,12,0,0,7,6,8,0.26666666666666666,0.26666666666666666,0.0,0.0,0.15555555555555556,0.13333333333333333,0.17777777777777778
431,Shakib Al Hasan,589,163,256,45,0,70,20,35,0.2767402376910017,0.43463497453310695,0.07640067911714771,0.0,0.11884550084889643,0.03395585738539898,0.059422750424448216
432,Shivam Sharma,3,0,1,0,0,1,0,1,0.0,0.3333333333333333,0.0,0.0,0.3333333333333333,0.0,0.3333333333333333
433,Shoaib Ahmed,6,3,1,0,0,0,0,2,0.5,0.16666666666666666,0.0,0.0,0.0,0.0,0.3333333333333333
434,Shoaib Akhtar,7,4,2,0,0,0,0,1,0.5714285714285714,0.2857142857142857,0.0,0.0,0.0,0.0,0.14285714285714285
435,Shoaib Malik,47,10,24,4,0,5,0,4,0.2127659574468085,0.5106382978723404,0.0851063829787234,0.0,0.10638297872340426,0.0,0.0851063829787234
436,SJ Srivastava,5,0,3,1,0,0,0,1,0.0,0.6,0.2,0.0,0.0,0.0,0.2
437,SK Raina,3913,1124,1666,264,11,493,194,161,0.2872476360848454,0.4257602862254025,0.0674674163046256,0.002811142346026067,0.12599028878098645,0.04957832864809609,0.04114490161001789
438,SK Trivedi,59,28,16,4,0,3,1,7,0.4745762711864407,0.2711864406779661,0.06779661016949153,0.0,0.05084745762711865,0.01694915254237288,0.11864406779661017
439,SK Warne,214,80,82,12,0,14,6,20,0.37383177570093457,0.38317757009345793,0.056074766355140186,0.0,0.06542056074766354,0.028037383177570093,0.09345794392523364
440,SL Malinga,99,39,32,1,0,6,5,16,0.3939393939393939,0.32323232323232326,0.010101010101010102,0.0,0.06060606060606061,0.050505050505050504,0.16161616161616163
441,SM Harwood,14,7,5,2,0,0,0,0,0.5,0.35714285714285715,0.14285714285714285,0.0,0.0,0.0,0.0
442,SM Katich,186,70,56,15,1,26,8,10,0.3763440860215054,0.3010752688172043,0.08064516129032258,0.005376344086021506,0.13978494623655913,0.043010752688172046,0.053763440860215055
443,SM Pollock,111,34,47,2,0,12,8,8,0.3063063063063063,0.42342342342342343,0.018018018018018018,0.0,0.10810810810810811,0.07207207207207207,0.07207207207207207
444,SMSM Senanayake,17,7,8,1,0,0,0,1,0.4117647058823529,0.47058823529411764,0.058823529411764705,0.0,0.0,0.0,0.058823529411764705
445,SN Khan,286,73,122,20,0,45,11,15,0.25524475524475526,0.42657342657342656,0.06993006993006994,0.0,0.15734265734265734,0.038461538461538464,0.05244755244755245
446,SN Thakur,21,2,6,2,0,5,1,5,0.09523809523809523,0.2857142857142857,0.09523809523809523,0.0,0.23809523809523808,0.047619047619047616,0.23809523809523808
447,Sohail Tanvir,29,6,14,2,0,3,1,3,0.20689655172413793,0.4827586206896552,0.06896551724137931,0.0,0.10344827586206896,0.034482758620689655,0.10344827586206896
448,SP Fleming,165,71,42,11,2,27,3,9,0.4303030303030303,0.2545454545454545,0.06666666666666667,0.012121212121212121,0.16363636363636364,0.01818181818181818,0.05454545454545454
449,SP Goswami,291,110,110,17,1,32,3,18,0.37800687285223367,0.37800687285223367,0.058419243986254296,0.003436426116838488,0.10996563573883161,0.010309278350515464,0.061855670103092786
450,SP Jackson,31,8,14,2,0,5,0,2,0.25806451612903225,0.45161290322580644,0.06451612903225806,0.0,0.16129032258064516,0.0,0.06451612903225806
451,SP Narine,457,163,97,15,1,93,44,44,0.35667396061269147,0.212253829321663,0.03282275711159737,0.002188183807439825,0.20350109409190373,0.0962800875273523,0.0962800875273523
452,SPD Smith,1568,426,716,137,6,180,49,54,0.27168367346938777,0.45663265306122447,0.08737244897959184,0.003826530612244898,0.11479591836734694,0.03125,0.03443877551020408
453,SR Tendulkar,1948,709,721,117,7,296,29,69,0.3639630390143737,0.3701232032854209,0.060061601642710474,0.003593429158110883,0.15195071868583163,0.014887063655030801,0.03542094455852156
454,SR Watson,2563,940,849,132,8,343,177,114,0.3667577058134998,0.3312524385485759,0.05150214592274678,0.0031213421771361686,0.13382754584471324,0.06905969566913774,0.0444791260241904
455,SS Iyer,1323,442,543,66,1,149,67,55,0.3340891912320484,0.41043083900226757,0.049886621315192746,0.0007558578987150416,0.1126228269085412,0.050642479213907785,0.04157218442932729
456,SS Shaikh,7,3,2,0,0,1,0,1,0.42857142857142855,0.2857142857142857,0.0,0.0,0.14285714285714285,0.0,0.14285714285714285
457,SS Tiwary,1067,336,464,82,2,93,45,45,0.3149015932521087,0.43486410496719774,0.07685098406747891,0.0018744142455482662,0.08716026241799438,0.04217432052483599,0.04217432052483599
458,ST Jayasuriya,531,223,128,22,7,84,39,28,0.4199623352165725,0.24105461393596986,0.04143126177024482,0.013182674199623353,0.15819209039548024,0.07344632768361582,0.05273069679849341
459,STR Binny,683,205,263,61,7,66,35,46,0.3001464128843338,0.3850658857979502,0.08931185944363104,0.010248901903367497,0.09663250366032211,0.05124450951683748,0.06734992679355783
460,Sunny Gupta,1,0,0,0,0,0,0,1,0.0,0.0,0.0,0.0,0.0,0.0,1.0
461,Sunny Singh,31,8,11,1,0,6,1,4,0.25806451612903225,0.3548387096774194,0.03225806451612903,0.0,0.1935483870967742,0.03225806451612903,0.12903225806451613
462,SV Samson,1696,517,696,133,11,170,89,80,0.30483490566037735,0.41037735849056606,0.07841981132075472,0.006485849056603774,0.10023584905660378,0.052476415094339625,0.04716981132075472
463,SW Billings,250,66,99,24,1,31,10,19,0.264,0.396,0.096,0.004,0.124,0.04,0.076
464,SW Tait,26,8,13,0,0,1,1,3,0.3076923076923077,0.5,0.0,0.0,0.038461538461538464,0.038461538461538464,0.11538461538461539
465,Swapnil Singh,20,7,8,2,0,0,0,3,0.35,0.4,0.1,0.0,0.0,0.0,0.15
466,T Curran,28,11,11,0,0,3,0,3,0.39285714285714285,0.39285714285714285,0.0,0.0,0.10714285714285714,0.0,0.10714285714285714
467,T Henderson,16,9,3,1,0,0,1,2,0.5625,0.1875,0.0625,0.0,0.0,0.0625,0.125
468,T Kohli,19,10,5,0,0,0,1,3,0.5263157894736842,0.2631578947368421,0.0,0.0,0.0,0.05263157894736842,0.15789473684210525
469,T Taibu,26,6,9,5,0,3,0,3,0.23076923076923078,0.34615384615384615,0.19230769230769232,0.0,0.11538461538461539,0.0,0.11538461538461539
470,T Thushara,18,7,6,3,0,0,0,2,0.3888888888888889,0.3333333333333333,0.16666666666666666,0.0,0.0,0.0,0.1111111111111111
471,TA Boult,14,7,2,2,0,0,1,2,0.5,0.14285714285714285,0.14285714285714285,0.0,0.0,0.07142857142857142,0.14285714285714285
472,TD Paine,26,14,10,0,0,0,0,2,0.5384615384615384,0.38461538461538464,0.0,0.0,0.0,0.0,0.07692307692307693
473,TG Southee,89,25,34,10,0,8,4,8,0.2808988764044944,0.38202247191011235,0.11235955056179775,0.0,0.0898876404494382,0.0449438202247191,0.0898876404494382
474,TL Suman,575,211,205,43,3,55,26,32,0.36695652173913046,0.3565217391304348,0.07478260869565218,0.0052173913043478265,0.09565217391304348,0.04521739130434783,0.05565217391304348
475,TM Dilshan,1007,409,335,54,2,140,24,43,0.40615690168818275,0.3326713008937438,0.05362462760675273,0.0019860973187686196,0.13902681231380337,0.023833167825223437,0.04270109235352532
476,TM Head,148,33,67,21,0,12,8,7,0.22297297297297297,0.4527027027027027,0.14189189189189189,0.0,0.08108108108108109,0.05405405405405406,0.0472972972972973
477,TM Srivastava,11,4,5,0,1,0,0,1,0.36363636363636365,0.45454545454545453,0.0,0.09090909090909091,0.0,0.0,0.09090909090909091
478,TR Birt,58,21,15,6,0,9,2,5,0.3620689655172414,0.25862068965517243,0.10344827586206896,0.0,0.15517241379310345,0.034482758620689655,0.08620689655172414
479,TS Mills,11,5,2,0,0,0,1,3,0.45454545454545453,0.18181818181818182,0.0,0.0,0.0,0.09090909090909091,0.2727272727272727
480,U Kaul,1,1,0,0,0,0,0,0,1.0,0.0,0.0,0.0,0.0,0.0,0.0
481,UA Birla,14,9,3,0,0,1,0,1,0.6428571428571429,0.21428571428571427,0.0,0.0,0.07142857142857142,0.0,0.07142857142857142
482,UBT Chand,300,136,88,15,0,32,9,20,0.4533333333333333,0.29333333333333333,0.05,0.0,0.10666666666666667,0.03,0.06666666666666667
483,Umar Gul,19,5,5,0,0,1,5,3,0.2631578947368421,0.2631578947368421,0.0,0.0,0.05263157894736842,0.2631578947368421,0.15789473684210525
484,UT Khawaja,100,32,38,6,1,14,3,6,0.32,0.38,0.06,0.01,0.14,0.03,0.06
485,UT Yadav,126,48,46,4,0,11,4,13,0.38095238095238093,0.36507936507936506,0.031746031746031744,0.0,0.0873015873015873,0.031746031746031744,0.10317460317460317
486,V Kohli,4112,1269,1725,292,11,481,191,143,0.3086089494163424,0.41950389105058367,0.07101167315175097,0.0026750972762645915,0.11697470817120623,0.04644941634241245,0.03477626459143969
487,V Pratap Singh,1,0,0,0,0,0,0,1,0.0,0.0,0.0,0.0,0.0,0.0,1.0
488,V Sehwag,1755,560,558,96,2,334,106,99,0.3190883190883191,0.31794871794871793,0.0547008547008547,0.0011396011396011395,0.1903133903133903,0.0603988603988604,0.05641025641025641
489,V Shankar,416,102,200,37,1,34,24,18,0.24519230769230768,0.4807692307692308,0.0889423076923077,0.002403846153846154,0.08173076923076923,0.057692307692307696,0.04326923076923077
490,VH Zol,26,11,7,2,0,3,1,2,0.4230769230769231,0.2692307692307692,0.07692307692307693,0.0,0.11538461538461539,0.038461538461538464,0.07692307692307693
491,Vishnu Vinod,26,12,9,0,0,1,1,3,0.46153846153846156,0.34615384615384615,0.0,0.0,0.038461538461538464,0.038461538461538464,0.11538461538461539
492,VR Aaron,62,29,21,4,0,2,2,4,0.46774193548387094,0.3387096774193548,0.06451612903225806,0.0,0.03225806451612903,0.03225806451612903,0.06451612903225806
493,VRV Singh,3,0,0,0,0,1,0,2,0.0,0.0,0.0,0.0,0.3333333333333333,0.0,0.6666666666666666
494,VS Malik,7,2,3,0,0,1,0,1,0.2857142857142857,0.42857142857142855,0.0,0.0,0.14285714285714285,0.0,0.14285714285714285
495,VS Yeligati,2,0,0,1,0,0,0,1,0.0,0.0,0.5,0.0,0.0,0.0,0.5
496,VVS Laxman,267,100,100,10,0,33,5,19,0.37453183520599254,0.37453183520599254,0.03745318352059925,0.0,0.12359550561797752,0.018726591760299626,0.07116104868913857
497,VY Mahesh,27,12,11,2,0,0,0,2,0.4444444444444444,0.4074074074074074,0.07407407407407407,0.0,0.0,0.0,0.07407407407407407
498,W Jaffer,121,48,41,6,1,14,3,8,0.39669421487603307,0.33884297520661155,0.049586776859504134,0.008264462809917356,0.11570247933884298,0.024793388429752067,0.06611570247933884
499,WA Mota,75,23,40,4,0,2,0,6,0.30666666666666664,0.5333333333333333,0.05333333333333334,0.0,0.02666666666666667,0.0,0.08
500,Washington Sundar,53,16,14,7,1,5,4,6,0.3018867924528302,0.2641509433962264,0.1320754716981132,0.018867924528301886,0.09433962264150944,0.07547169811320754,0.11320754716981132
501,WD Parnell,75,25,31,5,0,4,1,9,0.3333333333333333,0.41333333333333333,0.06666666666666667,0.0,0.05333333333333334,0.013333333333333334,0.12
502,WP Saha,1346,405,529,115,4,160,59,74,0.30089153046062406,0.39301634472511143,0.08543833580980684,0.0029717682020802376,0.1188707280832095,0.043833580980683504,0.0549777117384844
503,WPUJC Vaas,73,16,33,11,0,2,3,8,0.2191780821917808,0.4520547945205479,0.1506849315068493,0.0,0.0273972602739726,0.0410958904109589,0.1095890410958904
504,X Thalaivan Sargunam,17,8,6,2,0,0,0,1,0.47058823529411764,0.35294117647058826,0.11764705882352941,0.0,0.0,0.0,0.058823529411764705
505,Y Gnaneswara Rao,17,7,5,1,0,3,0,1,0.4117647058823529,0.29411764705882354,0.058823529411764705,0.0,0.17647058823529413,0.0,0.058823529411764705
506,Y Nagar,259,87,109,18,2,20,9,14,0.3359073359073359,0.42084942084942084,0.0694980694980695,0.007722007722007722,0.07722007722007722,0.03474903474903475,0.05405405405405406
507,Y Venugopal Rao,835,282,341,53,1,77,37,44,0.3377245508982036,0.40838323353293415,0.06347305389221557,0.0011976047904191617,0.09221556886227544,0.04431137724550898,0.05269461077844311
508,YA Abdulla,1,1,0,0,0,0,0,0,1.0,0.0,0.0,0.0,0.0,0.0,0.0
509,Yashpal Singh,66,34,20,2,1,5,0,4,0.5151515151515151,0.30303030303030304,0.030303030303030304,0.015151515151515152,0.07575757575757576,0.0,0.06060606060606061
510,YK Pathan,2241,673,877,155,5,262,159,110,0.3003123605533244,0.39134315037929496,0.06916555109326193,0.0022311468094600626,0.11691209281570727,0.07095046854082998,0.049085229808121376
511,Younis Khan,7,3,3,0,0,0,0,1,0.42857142857142855,0.42857142857142855,0.0,0.0,0.0,0.0,0.14285714285714285
512,YS Chahal,48,25,16,1,1,0,0,5,0.5208333333333334,0.3333333333333333,0.020833333333333332,0.020833333333333332,0.0,0.0,0.10416666666666667
513,Yuvraj Singh,2120,780,741,119,3,217,149,111,0.36792452830188677,0.34952830188679246,0.056132075471698115,0.0014150943396226414,0.10235849056603774,0.07028301886792453,0.05235849056603774
514,YV Takawale,177,87,41,12,0,26,3,8,0.4915254237288136,0.23163841807909605,0.06779661016949153,0.0,0.14689265536723164,0.01694915254237288,0.04519774011299435
515,Z Khan,141,60,47,7,0,11,2,14,0.425531914893617,0.3333333333333333,0.04964539007092199,0.0,0.07801418439716312,0.014184397163120567,0.09929078014184398
