num,bowler,dots,singles,doubles,triples,fours,sixes,wickets,balls_bowled,dot_prob,sing_prob,doub_prob,trip_prop,four_prob,six_prob,wkt_prob
0,PP Chawla,951,1298,237,9,303,171,149,3118,0.30500320718409235,0.41629249518922384,0.07601026298909558,0.0028864656831302116,0.09717767799871713,0.05484284797947402,0.04778704297626684
1,A Mishra,952,1395,241,6,216,169,156,3135,0.3036682615629984,0.4449760765550239,0.07687400318979266,0.0019138755980861245,0.06889952153110047,0.05390749601275917,0.049760765550239235
2,Harbhajan Singh,1094,1519,190,15,289,142,150,3399,0.32185937040305973,0.44689614592527216,0.055898793762871435,0.00441306266548985,0.08502500735510445,0.041776993233303916,0.0441306266548985
3,DJ Bravo,678,1184,219,6,289,133,147,2656,0.2552710843373494,0.4457831325301205,0.08245481927710843,0.002259036144578313,0.10881024096385543,0.050075301204819275,0.055346385542168676
4,RA Jadeja,706,1155,193,7,198,131,108,2498,0.28262610088070456,0.4623698959167334,0.07726180944755805,0.0028022417934347476,0.07926341072858287,0.05244195356285028,0.04323458767013611
5,R Ashwin,942,1401,174,9,199,121,125,2971,0.3170649612924941,0.47155839784584314,0.05856613934702121,0.0030292830696735107,0.06698081454055874,0.040727027936721644,0.04207337596768765
6,YS Chahal,539,789,121,6,135,119,100,1809,0.2979546710889994,0.4361525704809287,0.06688778330569375,0.003316749585406302,0.07462686567164178,0.06578220011055833,0.055279159756771695
7,UT Yadav,822,929,152,15,381,111,119,2529,0.3250296559905101,0.36733886911822855,0.060102807433768286,0.005931198102016607,0.1506524317912218,0.04389086595492289,0.04705417160933175
8,P Kumar,985,862,160,18,339,104,90,2558,0.38506645817044566,0.33698201720093823,0.06254886630179828,0.007036747458952306,0.1325254104769351,0.040656763096168884,0.035183737294761534
9,PP Ojha,578,848,133,7,146,96,89,1897,0.3046916183447549,0.4470216130732736,0.07011070110701106,0.0036900369003690036,0.07696362677912494,0.050606220347917764,0.04691618344754876
10,R Vinay Kumar,658,796,176,9,294,96,105,2134,0.3083411433926898,0.37300843486410495,0.08247422680412371,0.004217432052483599,0.13776944704779756,0.04498594189315839,0.04920337394564199
11,JD Unadkat,429,617,102,9,191,95,77,1520,0.2822368421052632,0.40592105263157896,0.06710526315789474,0.0059210526315789476,0.1256578947368421,0.0625,0.0506578947368421
12,SP Narine,916,1018,176,6,220,92,122,2550,0.3592156862745098,0.3992156862745098,0.06901960784313725,0.002352941176470588,0.08627450980392157,0.03607843137254902,0.04784313725490196
13,AR Patel,489,811,109,3,138,89,71,1710,0.28596491228070176,0.47426900584795323,0.06374269005847953,0.0017543859649122807,0.08070175438596491,0.052046783625730994,0.04152046783625731
14,B Kumar,983,918,179,11,322,87,133,2633,0.37333839726547663,0.3486517280668439,0.06798328902392708,0.004177744018230156,0.1222939612609191,0.03304215723509305,0.050512723129510065
15,SL Malinga,974,1144,199,7,312,85,170,2891,0.3369076444136977,0.3957108267035628,0.0688343133863715,0.002421307506053269,0.10792113455551712,0.02940159114493255,0.0588031822898651
16,IK Pathan,755,731,116,4,293,82,80,2061,0.366327025715672,0.3546821931101407,0.056283357593401265,0.0019408054342552159,0.14216399805919458,0.039786511402231925,0.038816108685104316
17,KV Sharma,326,477,74,4,79,82,54,1096,0.29744525547445255,0.4352189781021898,0.06751824817518248,0.0036496350364963502,0.07208029197080291,0.07481751824817519,0.04927007299270073
18,Imran Tahir,327,567,84,3,94,79,79,1233,0.26520681265206814,0.45985401459854014,0.0681265206812652,0.0024330900243309003,0.07623682076236821,0.0640713706407137,0.0640713706407137
19,DS Kulkarni,643,614,107,10,266,77,86,1803,0.35662784248474766,0.3405435385468663,0.059345535219079315,0.005546311702717693,0.14753189129229063,0.04270660011092623,0.04769828064337216
20,MM Sharma,545,648,122,8,260,77,91,1751,0.31125071387778414,0.37007424328954885,0.06967447173043975,0.004568817818389492,0.14848657909765847,0.04397487150199886,0.051970302684180465
21,A Nehra,692,675,107,7,277,75,106,1939,0.3568849922640536,0.3481175863847344,0.05518308406395049,0.0036101083032490976,0.14285714285714285,0.038679731820526045,0.05466735430634347
22,SR Watson,711,781,133,6,292,74,92,2089,0.34035423647678315,0.37386309238870274,0.0636668262326472,0.0028721876495931067,0.13977979894686454,0.03542364767831498,0.0440402106270943
23,I Sharma,743,603,128,13,301,72,71,1931,0.384774728120145,0.3122734334541688,0.06628689798032107,0.006732263076126359,0.15587778353184878,0.03728638011393061,0.03676851372345935
24,MJ McClenaghan,436,484,71,3,176,70,71,1311,0.3325705568268497,0.3691838291380625,0.05415713196033562,0.002288329519450801,0.13424866514111367,0.05339435545385202,0.05415713196033562
25,RP Singh,654,628,124,8,253,69,90,1826,0.35815991237677985,0.343921139101862,0.06790799561883899,0.004381161007667032,0.13855421686746988,0.03778751369112815,0.04928806133625411
26,Shakib Al Hasan,396,618,87,2,109,69,59,1340,0.2955223880597015,0.46119402985074626,0.06492537313432836,0.0014925373134328358,0.08134328358208955,0.05149253731343283,0.04402985074626865
27,L Balaji,461,618,112,3,188,68,76,1526,0.3020969855832241,0.40498034076015726,0.07339449541284404,0.001965923984272608,0.12319790301441677,0.04456094364351245,0.04980340760157274
28,R Bhatia,365,891,108,5,120,68,71,1628,0.2242014742014742,0.5472972972972973,0.06633906633906633,0.003071253071253071,0.07371007371007371,0.04176904176904177,0.04361179361179361
29,Sandeep Sharma,566,503,96,5,199,67,83,1519,0.3726135615536537,0.33113890717577354,0.06319947333772219,0.0032916392363396972,0.13100724160631994,0.044107965766951945,0.05464121132323897
30,JJ Bumrah,564,686,145,8,193,66,82,1744,0.32339449541284404,0.393348623853211,0.08314220183486239,0.0045871559633027525,0.1106651376146789,0.03784403669724771,0.047018348623853214
31,M Muralitharan,535,657,104,3,104,66,63,1532,0.3492167101827676,0.42885117493472585,0.06788511749347259,0.0019582245430809398,0.06788511749347259,0.04308093994778068,0.041122715404699736
32,S Nadeem,372,607,76,6,98,66,42,1267,0.2936069455406472,0.47908445146014206,0.05998421468034728,0.004735595895816891,0.07734806629834254,0.05209155485398579,0.03314917127071823
33,JP Faulkner,338,486,123,5,159,65,59,1235,0.2736842105263158,0.39352226720647776,0.09959514170040486,0.004048582995951417,0.12874493927125505,0.05263157894736842,0.04777327935222672
34,Z Khan,771,813,145,9,312,64,102,2216,0.3479241877256318,0.3668772563176895,0.06543321299638989,0.004061371841155234,0.1407942238267148,0.02888086642599278,0.046028880866425995
35,KA Pollard,271,633,96,2,139,63,56,1260,0.2150793650793651,0.5023809523809524,0.0761904761904762,0.0015873015873015873,0.11031746031746031,0.05,0.044444444444444446
36,AD Russell,307,406,66,4,153,61,55,1052,0.29182509505703425,0.38593155893536124,0.06273764258555133,0.0038022813688212928,0.14543726235741444,0.05798479087452472,0.05228136882129278
37,Kuldeep Yadav,207,398,60,2,61,61,39,828,0.25,0.4806763285024155,0.07246376811594203,0.0024154589371980675,0.07367149758454106,0.07367149758454106,0.04710144927536232
38,M Morkel,631,556,101,11,228,61,77,1665,0.378978978978979,0.33393393393393395,0.06066066066066066,0.006606606606606606,0.13693693693693693,0.03663663663663664,0.04624624624624624
39,SB Jakati,290,491,88,7,97,60,47,1080,0.26851851851851855,0.4546296296296296,0.08148148148148149,0.006481481481481481,0.08981481481481482,0.05555555555555555,0.04351851851851852
40,Mohammed Shami,316,403,65,1,158,59,40,1042,0.30326295585412666,0.3867562380038388,0.06238003838771593,0.0009596928982725527,0.15163147792706333,0.05662188099808062,0.03838771593090211
41,HH Pandya,245,377,55,2,115,58,42,894,0.2740492170022371,0.4217002237136465,0.06152125279642058,0.0022371364653243847,0.12863534675615212,0.06487695749440715,0.04697986577181208
42,JH Kallis,536,749,106,6,235,57,65,1754,0.3055872291904219,0.42702394526795895,0.06043329532497149,0.0034207525655644243,0.13397947548460662,0.03249714937286203,0.037058152793614595
43,YK Pathan,351,548,56,4,99,57,42,1157,0.30337078651685395,0.4736387208297321,0.04840103716508211,0.003457216940363008,0.08556611927398444,0.049265341400172864,0.036300777873811585
44,AB Dinda,558,536,102,6,230,56,69,1557,0.3583815028901734,0.34425176621708414,0.06551059730250482,0.0038535645472061657,0.14771997430956968,0.03596660244059088,0.04431599229287091
45,CH Morris,425,482,86,10,168,56,69,1296,0.3279320987654321,0.37191358024691357,0.06635802469135803,0.007716049382716049,0.12962962962962962,0.043209876543209874,0.05324074074074074
46,JA Morkel,561,662,130,8,263,56,85,1765,0.3178470254957507,0.375070821529745,0.07365439093484419,0.004532577903682719,0.1490084985835694,0.03172804532577904,0.04815864022662889
47,SK Warne,369,528,100,5,92,56,57,1207,0.30571665285832644,0.4374482187241094,0.08285004142502071,0.004142502071251036,0.07622203811101906,0.0463960231980116,0.04722452361226181
48,MG Johnson,472,405,79,6,194,55,61,1272,0.3710691823899371,0.31839622641509435,0.06210691823899371,0.0047169811320754715,0.15251572327044025,0.04323899371069182,0.0479559748427673
49,MS Gony,311,317,50,4,135,53,37,907,0.3428886438809261,0.34950385887541346,0.05512679162072767,0.004410143329658214,0.14884233737596472,0.05843439911797133,0.040793825799338476
50,S Kaul,259,432,69,0,126,51,49,986,0.26267748478701824,0.4381338742393509,0.06997971602434078,0.0,0.12778904665314403,0.05172413793103448,0.04969574036511156
51,SK Trivedi,427,682,133,7,151,51,65,1516,0.2816622691292876,0.449868073878628,0.08773087071240106,0.004617414248021108,0.09960422163588391,0.033641160949868076,0.04287598944591029
52,MM Patel,516,445,75,8,187,50,74,1355,0.3808118081180812,0.3284132841328413,0.055350553505535055,0.005904059040590406,0.13800738007380073,0.03690036900369004,0.05461254612546126
53,DW Steyn,900,701,125,15,268,47,96,2152,0.41821561338289964,0.3257434944237918,0.05808550185873606,0.006970260223048327,0.12453531598513011,0.02184014869888476,0.04460966542750929
54,HV Patel,245,331,62,1,115,47,43,844,0.2902843601895735,0.3921800947867299,0.07345971563981042,0.001184834123222749,0.1362559241706161,0.05568720379146919,0.0509478672985782
55,P Negi,203,332,49,0,57,47,34,722,0.28116343490304707,0.4598337950138504,0.06786703601108034,0.0,0.07894736842105263,0.06509695290858726,0.04709141274238227
56,Rashid Khan,388,455,48,2,90,46,55,1084,0.35793357933579334,0.41974169741697415,0.04428044280442804,0.0018450184501845018,0.08302583025830258,0.042435424354243544,0.0507380073800738
57,VR Aaron,320,335,56,8,142,46,42,949,0.33719704952581664,0.3530031612223393,0.059009483667017915,0.008429926238145416,0.14963119072708114,0.04847207586933614,0.044257112750263436
58,R Sharma,294,419,54,3,70,45,40,925,0.3178378378378378,0.45297297297297295,0.05837837837837838,0.003243243243243243,0.07567567567567568,0.04864864864864865,0.043243243243243246
59,SK Raina,255,467,44,5,71,44,25,911,0.27991218441273324,0.5126234906695939,0.048298572996706916,0.005488474204171241,0.07793633369923161,0.048298572996706916,0.027442371020856202
60,PJ Sangwan,263,307,62,1,117,43,35,828,0.3176328502415459,0.37077294685990336,0.0748792270531401,0.0012077294685990338,0.14130434782608695,0.051932367149758456,0.042270531400966184
61,SN Thakur,227,264,53,6,105,42,36,733,0.3096862210095498,0.3601637107776262,0.0723055934515689,0.008185538881309686,0.1432469304229195,0.0572987721691678,0.04911323328785812
62,TG Southee,300,327,71,9,135,42,28,912,0.32894736842105265,0.35855263157894735,0.07785087719298246,0.009868421052631578,0.14802631578947367,0.046052631578947366,0.03070175438596491
63,M Kartik,351,536,95,6,97,41,31,1157,0.30337078651685395,0.46326707000864303,0.08210890233362143,0.005185825410544511,0.08383751080380294,0.03543647363872083,0.02679343128781331
64,Mohammed Siraj,172,227,30,1,72,41,28,571,0.30122591943957966,0.3975481611208406,0.05253940455341506,0.0017513134851138354,0.12609457092819615,0.07180385288966724,0.04903677758318739
65,Yuvraj Singh,222,435,74,4,59,41,36,871,0.25487944890929964,0.49942594718714123,0.08495981630309989,0.004592422502870264,0.0677382319173364,0.04707233065442021,0.04133180252583238
66,AB Agarkar,225,341,47,4,113,40,29,799,0.2816020025031289,0.4267834793491865,0.058823529411764705,0.0050062578222778474,0.1414267834793492,0.05006257822277847,0.03629536921151439
67,S Gopal,167,262,39,2,38,39,38,585,0.28547008547008546,0.4478632478632479,0.06666666666666667,0.003418803418803419,0.06495726495726496,0.06666666666666667,0.06495726495726496
68,S Sreesanth,359,299,56,4,128,39,40,925,0.3881081081081081,0.3232432432432432,0.06054054054054054,0.004324324324324324,0.13837837837837838,0.04216216216216216,0.043243243243243246
69,S Aravind,245,300,40,2,105,38,45,775,0.3161290322580645,0.3870967741935484,0.05161290322580645,0.0025806451612903226,0.13548387096774195,0.04903225806451613,0.05806451612903226
70,TA Boult,252,282,48,3,125,38,38,786,0.32061068702290074,0.35877862595419846,0.061068702290076333,0.003816793893129771,0.15903307888040713,0.04834605597964377,0.04834605597964377
71,Iqbal Abdulla,291,416,51,4,88,37,40,927,0.313915857605178,0.4487594390507012,0.05501618122977346,0.004314994606256742,0.09492988133764833,0.039913700107874865,0.043149946062567425
72,MC Henriques,239,418,55,3,120,37,38,910,0.26263736263736265,0.4593406593406593,0.06043956043956044,0.0032967032967032967,0.13186813186813187,0.04065934065934066,0.041758241758241756
73,A Kumble,329,411,62,3,71,35,45,956,0.34414225941422594,0.4299163179916318,0.06485355648535565,0.0031380753138075313,0.07426778242677824,0.036610878661087864,0.04707112970711297
74,DT Christian,234,340,67,2,87,34,34,798,0.2932330827067669,0.42606516290726815,0.08395989974937343,0.002506265664160401,0.10902255639097744,0.042606516290726815,0.042606516290726815
75,P Awana,254,266,56,2,106,34,39,757,0.33553500660501984,0.3513870541611625,0.07397622192866579,0.002642007926023778,0.14002642007926025,0.04491413474240423,0.05151915455746367
76,A Symonds,170,218,37,1,44,33,20,523,0.32504780114722753,0.4168260038240918,0.07074569789674952,0.0019120458891013384,0.0841300191204589,0.06309751434034416,0.03824091778202677
77,DR Smith,142,232,37,0,74,33,26,544,0.2610294117647059,0.4264705882352941,0.06801470588235294,0.0,0.13602941176470587,0.06066176470588235,0.04779411764705882
78,JP Duminy,211,328,43,0,53,33,23,691,0.3053545586107091,0.47467438494934877,0.06222865412445731,0.0,0.07670043415340087,0.04775687409551375,0.03328509406657019
79,KH Pandya,261,479,64,2,78,33,39,956,0.2730125523012552,0.5010460251046025,0.06694560669456066,0.0020920502092050207,0.08158995815899582,0.034518828451882845,0.04079497907949791
80,GJ Maxwell,111,197,33,0,39,32,16,428,0.25934579439252337,0.4602803738317757,0.07710280373831775,0.0,0.0911214953271028,0.07476635514018691,0.037383177570093455
81,Bipul Sharma,114,207,28,2,28,31,17,427,0.26697892271662765,0.4847775175644028,0.06557377049180328,0.00468384074941452,0.06557377049180328,0.07259953161592506,0.03981264637002342
82,Basil Thampi,93,180,28,0,58,30,16,405,0.22962962962962963,0.4444444444444444,0.0691358024691358,0.0,0.14320987654320988,0.07407407407407407,0.03950617283950617
83,AD Mathews,197,379,62,0,98,29,27,792,0.24873737373737373,0.47853535353535354,0.07828282828282829,0.0,0.12373737373737374,0.036616161616161616,0.03409090909090909
84,BB Sran,150,197,37,3,72,29,18,506,0.2964426877470356,0.3893280632411067,0.07312252964426877,0.005928853754940711,0.1422924901185771,0.05731225296442688,0.03557312252964427
85,JR Hopes,91,152,26,0,44,28,14,355,0.2563380281690141,0.428169014084507,0.07323943661971831,0.0,0.12394366197183099,0.07887323943661972,0.03943661971830986
86,NLTC Perera,196,279,54,3,113,28,31,704,0.2784090909090909,0.3963068181818182,0.07670454545454546,0.004261363636363636,0.16051136363636365,0.03977272727272727,0.04403409090909091
87,PV Tambe,176,309,56,1,64,28,28,662,0.26586102719033233,0.46676737160120846,0.08459214501510574,0.0015105740181268882,0.09667673716012085,0.04229607250755287,0.04229607250755287
88,CH Gayle,162,264,35,4,49,27,18,559,0.2898032200357782,0.47227191413237923,0.0626118067978533,0.007155635062611807,0.08765652951699464,0.04830053667262969,0.03220035778175313
89,RJ Harris,319,262,60,4,119,27,45,836,0.3815789473684211,0.3133971291866029,0.07177033492822966,0.004784688995215311,0.1423444976076555,0.03229665071770335,0.05382775119617225
90,AJ Tye,143,278,44,1,73,26,39,604,0.2367549668874172,0.4602649006622517,0.0728476821192053,0.0016556291390728477,0.12086092715231789,0.04304635761589404,0.06456953642384106
91,J Archer,181,181,32,2,54,26,26,502,0.3605577689243028,0.3605577689243028,0.06374501992031872,0.00398406374501992,0.10756972111553785,0.05179282868525897,0.05179282868525897
92,B Lee,349,296,67,2,121,25,25,885,0.3943502824858757,0.3344632768361582,0.07570621468926554,0.0022598870056497176,0.1367231638418079,0.02824858757062147,0.02824858757062147
93,CR Woakes,106,152,21,0,58,25,25,387,0.2739018087855297,0.39276485788113696,0.05426356589147287,0.0,0.14987080103359174,0.06459948320413436,0.06459948320413436
94,DJ Hussey,78,149,26,1,30,25,8,317,0.24605678233438485,0.47003154574132494,0.08201892744479496,0.0031545741324921135,0.0946372239747634,0.07886435331230283,0.025236593059936908
95,DL Chahar,295,221,36,4,104,24,33,717,0.41143654114365413,0.3082287308228731,0.0502092050209205,0.005578800557880056,0.14504881450488144,0.03347280334728033,0.04602510460251046
96,DL Vettori,242,355,54,1,67,24,28,771,0.3138780804150454,0.4604409857328145,0.07003891050583658,0.0012970168612191958,0.08690012970168612,0.0311284046692607,0.03631647211413749
97,J Botha,229,308,43,4,60,24,25,693,0.33044733044733043,0.4444444444444444,0.06204906204906205,0.005772005772005772,0.08658008658008658,0.03463203463203463,0.03607503607503607
98,Washington Sundar,112,154,14,0,30,24,16,350,0.32,0.44,0.04,0.0,0.08571428571428572,0.06857142857142857,0.045714285714285714
99,CJ Anderson,68,136,18,0,52,23,11,308,0.22077922077922077,0.44155844155844154,0.05844155844155844,0.0,0.16883116883116883,0.07467532467532467,0.03571428571428571
100,KK Cooper,151,244,62,0,59,23,33,572,0.263986013986014,0.42657342657342656,0.10839160839160839,0.0,0.10314685314685315,0.04020979020979021,0.057692307692307696
101,KW Richardson,106,114,22,1,35,23,18,319,0.3322884012539185,0.3573667711598746,0.06896551724137931,0.003134796238244514,0.109717868338558,0.07210031347962383,0.05642633228840126
102,MP Stoinis,78,180,21,0,51,23,15,368,0.21195652173913043,0.4891304347826087,0.057065217391304345,0.0,0.13858695652173914,0.0625,0.04076086956521739
103,Anureet Singh,121,158,29,3,64,22,18,415,0.29156626506024097,0.38072289156626504,0.06987951807228916,0.007228915662650603,0.15421686746987953,0.05301204819277108,0.043373493975903614
104,BA Stokes,181,236,45,2,86,22,26,598,0.30267558528428096,0.39464882943143814,0.07525083612040134,0.0033444816053511705,0.14381270903010032,0.03678929765886288,0.043478260869565216
105,Mustafizur Rahman,173,226,50,1,56,22,24,552,0.3134057971014493,0.40942028985507245,0.09057971014492754,0.0018115942028985507,0.10144927536231885,0.03985507246376811,0.043478260869565216
106,A Singh,173,180,48,2,79,21,31,534,0.32397003745318353,0.33707865168539325,0.0898876404494382,0.003745318352059925,0.14794007490636704,0.03932584269662921,0.05805243445692884
107,BW Hilfenhaus,151,115,20,2,48,21,22,379,0.39841688654353563,0.3034300791556728,0.052770448548812667,0.005277044854881266,0.1266490765171504,0.055408970976253295,0.05804749340369393
108,GB Hogg,136,196,34,3,39,21,23,452,0.3008849557522124,0.4336283185840708,0.0752212389380531,0.00663716814159292,0.08628318584070796,0.046460176991150445,0.05088495575221239
109,A Ashish Reddy,61,113,25,3,26,20,18,266,0.22932330827067668,0.424812030075188,0.09398496240601503,0.011278195488721804,0.09774436090225563,0.07518796992481203,0.06766917293233082
110,A Mithun,83,133,20,1,41,20,7,305,0.2721311475409836,0.4360655737704918,0.06557377049180328,0.003278688524590164,0.13442622950819672,0.06557377049180328,0.022950819672131147
111,Harmeet Singh,163,218,42,0,65,20,26,534,0.3052434456928839,0.40823970037453183,0.07865168539325842,0.0,0.12172284644194757,0.03745318352059925,0.04868913857677903
112,M Ashwin,116,202,32,1,40,20,15,426,0.27230046948356806,0.47417840375586856,0.07511737089201878,0.002347417840375587,0.09389671361502347,0.046948356807511735,0.035211267605633804
113,M Markande,75,139,12,0,36,20,16,298,0.2516778523489933,0.4664429530201342,0.040268456375838924,0.0,0.12080536912751678,0.06711409395973154,0.053691275167785234
114,NM Coulter-Nile,211,187,30,2,84,20,36,570,0.3701754385964912,0.3280701754385965,0.05263157894736842,0.0035087719298245615,0.14736842105263157,0.03508771929824561,0.06315789473684211
115,P Krishna,134,153,24,1,77,20,14,423,0.31678486997635935,0.3617021276595745,0.05673758865248227,0.002364066193853428,0.18203309692671396,0.04728132387706856,0.03309692671394799
116,R Tewatia,96,139,12,1,17,20,13,298,0.3221476510067114,0.4664429530201342,0.040268456375838924,0.003355704697986577,0.05704697986577181,0.06711409395973154,0.0436241610738255
117,Ankit Sharma,125,169,25,4,29,19,13,384,0.3255208333333333,0.4401041666666667,0.06510416666666667,0.010416666666666666,0.07552083333333333,0.049479166666666664,0.033854166666666664
118,DE Bollinger,217,200,33,2,73,19,37,581,0.37349397590361444,0.3442340791738382,0.05679862306368331,0.0034423407917383822,0.12564543889845095,0.03270223752151463,0.06368330464716007
119,Karanveer Singh,52,88,20,1,19,19,12,211,0.24644549763033174,0.41706161137440756,0.0947867298578199,0.004739336492890996,0.09004739336492891,0.09004739336492891,0.05687203791469194
120,RD Chahar,124,138,11,0,23,19,15,330,0.37575757575757573,0.41818181818181815,0.03333333333333333,0.0,0.0696969696969697,0.05757575757575758,0.045454545454545456
121,VY Mahesh,99,144,19,2,45,19,21,349,0.2836676217765043,0.41260744985673353,0.054441260744985676,0.0057306590257879654,0.12893982808022922,0.054441260744985676,0.06017191977077364
122,AN Ahmed,108,142,22,1,43,18,12,346,0.31213872832369943,0.41040462427745666,0.06358381502890173,0.002890173410404624,0.12427745664739884,0.05202312138728324,0.03468208092485549
123,AS Rajpoot,139,156,23,3,71,18,22,432,0.32175925925925924,0.3611111111111111,0.05324074074074074,0.006944444444444444,0.16435185185185186,0.041666666666666664,0.05092592592592592
124,Avesh Khan,56,53,4,0,22,18,5,158,0.35443037974683544,0.33544303797468356,0.02531645569620253,0.0,0.13924050632911392,0.11392405063291139,0.03164556962025317
125,Azhar Mahmood,170,219,33,1,71,18,29,541,0.3142329020332717,0.4048059149722736,0.06099815157116451,0.0018484288354898336,0.13123844731977818,0.033271719038817,0.053604436229205174
126,KC Cariappa,53,102,15,3,23,18,8,222,0.23873873873873874,0.4594594594594595,0.06756756756756757,0.013513513513513514,0.1036036036036036,0.08108108108108109,0.036036036036036036
127,M Ur Rahman,109,160,31,3,34,18,17,372,0.29301075268817206,0.43010752688172044,0.08333333333333333,0.008064516129032258,0.0913978494623656,0.04838709677419355,0.0456989247311828
128,RR Powar,153,175,29,4,41,18,13,433,0.3533487297921478,0.40415704387990764,0.06697459584295612,0.009237875288683603,0.09468822170900693,0.04157043879907621,0.03002309468822171
129,IC Pandey,194,129,18,5,76,17,18,457,0.424507658643326,0.28227571115973743,0.03938730853391685,0.010940919037199124,0.16630196936542668,0.037199124726477024,0.03938730853391685
130,Pankaj Singh,100,104,17,5,52,17,11,306,0.32679738562091504,0.33986928104575165,0.05555555555555555,0.016339869281045753,0.16993464052287582,0.05555555555555555,0.03594771241830065
131,RE van der Merwe,127,214,38,2,25,17,21,444,0.28603603603603606,0.481981981981982,0.08558558558558559,0.0045045045045045045,0.05630630630630631,0.038288288288288286,0.0472972972972973
132,S Ladda,43,53,9,1,12,17,5,140,0.30714285714285716,0.37857142857142856,0.06428571428571428,0.007142857142857143,0.08571428571428572,0.12142857142857143,0.03571428571428571
133,S Lamichhane,62,86,10,0,21,17,13,209,0.2966507177033493,0.41148325358851673,0.04784688995215311,0.0,0.10047846889952153,0.08133971291866028,0.06220095693779904
134,AA Chavan,92,85,15,1,28,16,8,245,0.37551020408163266,0.3469387755102041,0.061224489795918366,0.004081632653061225,0.11428571428571428,0.0653061224489796,0.0326530612244898
135,J Suchith,69,122,24,2,31,16,12,276,0.25,0.4420289855072464,0.08695652173913043,0.007246376811594203,0.11231884057971014,0.057971014492753624,0.043478260869565216
136,Joginder Sharma,59,127,17,0,35,16,12,266,0.22180451127819548,0.4774436090225564,0.06390977443609022,0.0,0.13157894736842105,0.06015037593984962,0.045112781954887216
137,LR Shukla,94,117,35,1,39,16,15,317,0.29652996845425866,0.36908517350157727,0.11041009463722397,0.0031545741324921135,0.12302839116719243,0.050473186119873815,0.0473186119873817
138,MF Maharoof,138,171,28,1,46,16,27,427,0.3231850117096019,0.40046838407494145,0.06557377049180328,0.00234192037470726,0.10772833723653395,0.03747072599531616,0.06323185011709602
139,PJ Cummins,101,150,30,0,47,16,17,361,0.27977839335180055,0.4155124653739612,0.08310249307479224,0.0,0.13019390581717452,0.0443213296398892,0.04709141274238227
140,R Dhawan,133,239,44,1,51,16,18,502,0.2649402390438247,0.4760956175298805,0.08764940239043825,0.00199203187250996,0.10159362549800798,0.03187250996015936,0.035856573705179286
141,S Mavi,56,68,9,0,22,16,5,176,0.3181818181818182,0.38636363636363635,0.05113636363636364,0.0,0.125,0.09090909090909091,0.028409090909090908
142,ST Jayasuriya,70,154,21,0,22,16,13,296,0.23648648648648649,0.5202702702702703,0.07094594594594594,0.0,0.07432432432432433,0.05405405405405406,0.04391891891891892
143,V Sehwag,38,54,4,0,18,16,6,136,0.27941176470588236,0.39705882352941174,0.029411764705882353,0.0,0.1323529411764706,0.11764705882352941,0.04411764705882353
144,BCJ Cutting,67,139,12,0,44,15,10,287,0.23344947735191637,0.4843205574912892,0.041811846689895474,0.0,0.15331010452961671,0.05226480836236934,0.03484320557491289
145,DP Nannes,257,233,36,8,89,15,28,666,0.3858858858858859,0.34984984984984985,0.05405405405405406,0.012012012012012012,0.13363363363363365,0.02252252252252252,0.042042042042042045
146,K Ahmed,70,92,8,1,31,15,19,236,0.2966101694915254,0.3898305084745763,0.03389830508474576,0.00423728813559322,0.13135593220338984,0.0635593220338983,0.08050847457627118
147,K Gowtham,110,157,18,0,49,15,11,360,0.3055555555555556,0.4361111111111111,0.05,0.0,0.1361111111111111,0.041666666666666664,0.030555555555555555
148,K Rabada,124,155,33,1,58,15,31,417,0.2973621103117506,0.37170263788968827,0.07913669064748201,0.002398081534772182,0.13908872901678657,0.03597122302158273,0.07434052757793765
149,TM Dilshan,74,137,14,1,27,15,5,273,0.27106227106227104,0.5018315018315018,0.05128205128205128,0.003663003663003663,0.0989010989010989,0.054945054945054944,0.018315018315018316
150,VRV Singh,102,142,31,3,58,15,12,363,0.2809917355371901,0.39118457300275483,0.08539944903581267,0.008264462809917356,0.15977961432506887,0.04132231404958678,0.03305785123966942
151,A Zampa,51,109,16,0,12,14,19,221,0.23076923076923078,0.49321266968325794,0.07239819004524888,0.0,0.05429864253393665,0.06334841628959276,0.08597285067873303
152,AG Murtaza,92,116,10,0,22,14,9,263,0.34980988593155893,0.44106463878326996,0.03802281368821293,0.0,0.08365019011406843,0.053231939163498096,0.034220532319391636
153,BJ Hodge,58,108,19,0,17,14,17,233,0.24892703862660945,0.463519313304721,0.0815450643776824,0.0,0.07296137339055794,0.060085836909871244,0.07296137339055794
154,MR Marsh,92,138,18,0,39,14,20,321,0.2866043613707165,0.42990654205607476,0.056074766355140186,0.0,0.12149532710280374,0.04361370716510903,0.06230529595015576
155,RG Sharma,73,172,31,3,27,14,15,335,0.21791044776119403,0.5134328358208955,0.09253731343283582,0.008955223880597015,0.08059701492537313,0.041791044776119404,0.04477611940298507
156,S Badree,98,94,12,0,28,14,11,257,0.38132295719844356,0.3657587548638132,0.04669260700389105,0.0,0.10894941634241245,0.054474708171206226,0.042801556420233464
157,S Kaushik,62,85,14,0,25,14,6,206,0.30097087378640774,0.41262135922330095,0.06796116504854369,0.0,0.12135922330097088,0.06796116504854369,0.02912621359223301
158,SB Styris,75,92,12,0,19,14,8,220,0.3409090909090909,0.41818181818181815,0.05454545454545454,0.0,0.08636363636363636,0.06363636363636363,0.03636363636363636
159,SC Ganguly,65,140,18,1,25,14,10,273,0.23809523809523808,0.5128205128205128,0.06593406593406594,0.003663003663003663,0.09157509157509157,0.05128205128205128,0.03663003663003663
160,STR Binny,177,268,47,3,76,14,22,607,0.2915980230642504,0.4415156507413509,0.07742998352553541,0.004942339373970346,0.12520593080724876,0.023064250411861616,0.036243822075782535
161,AM Nayar,60,112,22,0,22,13,9,238,0.25210084033613445,0.47058823529411764,0.09243697478991597,0.0,0.09243697478991597,0.0546218487394958,0.037815126050420166
162,BA Bhatt,81,137,18,2,35,13,12,298,0.27181208053691275,0.4597315436241611,0.06040268456375839,0.006711409395973154,0.1174496644295302,0.0436241610738255,0.040268456375838924
163,JD Ryder,71,105,18,0,21,13,8,236,0.3008474576271186,0.4449152542372881,0.07627118644067797,0.0,0.08898305084745763,0.05508474576271186,0.03389830508474576
164,JDP Oram,70,95,14,0,34,13,9,235,0.2978723404255319,0.40425531914893614,0.059574468085106386,0.0,0.14468085106382977,0.05531914893617021,0.03829787234042553
165,M Ali,80,103,11,0,16,13,9,232,0.3448275862068966,0.44396551724137934,0.04741379310344827,0.0,0.06896551724137931,0.05603448275862069,0.03879310344827586
166,Mohammad Nabi,100,106,14,1,21,13,11,266,0.37593984962406013,0.39849624060150374,0.05263157894736842,0.0037593984962406013,0.07894736842105263,0.04887218045112782,0.041353383458646614
167,N Saini,125,79,13,2,49,13,11,292,0.4280821917808219,0.2705479452054795,0.04452054794520548,0.00684931506849315,0.1678082191780822,0.04452054794520548,0.03767123287671233
168,R Rampaul,113,80,19,2,24,13,14,265,0.42641509433962266,0.3018867924528302,0.07169811320754717,0.007547169811320755,0.09056603773584905,0.04905660377358491,0.052830188679245285
169,S Narwal,32,34,11,0,17,13,5,112,0.2857142857142857,0.30357142857142855,0.09821428571428571,0.0,0.15178571428571427,0.11607142857142858,0.044642857142857144
170,SJ Srivastava,89,118,16,1,50,13,14,301,0.2956810631229236,0.3920265780730897,0.053156146179401995,0.0033222591362126247,0.16611295681063123,0.04318936877076412,0.046511627906976744
171,WPUJC Vaas,110,89,10,1,40,13,18,281,0.3914590747330961,0.3167259786476868,0.03558718861209965,0.0035587188612099642,0.1423487544483986,0.046263345195729534,0.06405693950177936
172,Y Venugopal Rao,53,100,18,1,30,13,6,221,0.2398190045248869,0.45248868778280543,0.08144796380090498,0.004524886877828055,0.13574660633484162,0.058823529411764705,0.027149321266968326
173,YA Abdulla,73,70,15,0,31,13,15,217,0.33640552995391704,0.3225806451612903,0.06912442396313365,0.0,0.14285714285714285,0.059907834101382486,0.06912442396313365
174,C de Grandhomme,52,117,15,0,22,12,6,224,0.23214285714285715,0.5223214285714286,0.06696428571428571,0.0,0.09821428571428571,0.05357142857142857,0.026785714285714284
175,CJ Jordan,49,91,17,0,24,12,12,205,0.23902439024390243,0.44390243902439025,0.08292682926829269,0.0,0.11707317073170732,0.05853658536585366,0.05853658536585366
176,CR Brathwaite,61,123,14,1,37,12,13,261,0.23371647509578544,0.47126436781609193,0.05363984674329502,0.0038314176245210726,0.1417624521072797,0.04597701149425287,0.04980842911877394
177,DJ Hooda,53,121,16,0,22,12,6,230,0.23043478260869565,0.5260869565217391,0.06956521739130435,0.0,0.09565217391304348,0.05217391304347826,0.02608695652173913
178,DJG Sammy,61,103,20,1,33,12,11,241,0.25311203319502074,0.42738589211618255,0.08298755186721991,0.004149377593360996,0.13692946058091288,0.04979253112033195,0.04564315352697095
179,J Syed Mohammad,39,94,21,1,18,12,8,193,0.20207253886010362,0.48704663212435234,0.10880829015544041,0.0051813471502590676,0.09326424870466321,0.06217616580310881,0.04145077720207254
180,L Plunkett,35,77,8,0,15,12,4,151,0.23178807947019867,0.5099337748344371,0.052980132450331126,0.0,0.09933774834437085,0.07947019867549669,0.026490066225165563
181,MN Samuels,70,88,16,0,23,12,9,218,0.3211009174311927,0.4036697247706422,0.07339449541284404,0.0,0.10550458715596331,0.05504587155963303,0.04128440366972477
182,S Curran,48,81,23,0,31,12,10,205,0.23414634146341465,0.3951219512195122,0.11219512195121951,0.0,0.15121951219512195,0.05853658536585366,0.04878048780487805
183,S Sharma,67,120,22,0,29,12,12,262,0.25572519083969464,0.4580152671755725,0.08396946564885496,0.0,0.11068702290076336,0.04580152671755725,0.04580152671755725
184,S Tyagi,87,63,12,0,34,12,6,214,0.40654205607476634,0.29439252336448596,0.056074766355140186,0.0,0.1588785046728972,0.056074766355140186,0.028037383177570093
185,SW Tait,177,191,32,1,70,12,23,506,0.34980237154150196,0.3774703557312253,0.06324110671936758,0.001976284584980237,0.1383399209486166,0.023715415019762844,0.045454545454545456
186,AB McDonald,39,95,10,0,20,11,11,186,0.20967741935483872,0.510752688172043,0.053763440860215055,0.0,0.10752688172043011,0.05913978494623656,0.05913978494623656
187,AC Thomas,112,112,28,1,41,11,14,319,0.3510971786833856,0.3510971786833856,0.0877742946708464,0.003134796238244514,0.12852664576802508,0.034482758620689655,0.0438871473354232
188,KP Appanna,59,103,17,1,20,11,9,220,0.2681818181818182,0.4681818181818182,0.07727272727272727,0.004545454545454545,0.09090909090909091,0.05,0.04090909090909091
189,Parvez Rasool,56,93,12,0,22,11,4,198,0.2828282828282828,0.4696969696969697,0.06060606060606061,0.0,0.1111111111111111,0.05555555555555555,0.020202020202020204
190,V Kohli,48,145,28,0,24,11,4,260,0.18461538461538463,0.5576923076923077,0.1076923076923077,0.0,0.09230769230769231,0.04230769230769231,0.015384615384615385
191,WD Parnell,215,211,37,0,80,11,26,580,0.3706896551724138,0.36379310344827587,0.06379310344827586,0.0,0.13793103448275862,0.01896551724137931,0.04482758620689655
192,A Chandila,92,91,10,1,17,10,11,232,0.39655172413793105,0.3922413793103448,0.04310344827586207,0.004310344827586207,0.07327586206896551,0.04310344827586207,0.04741379310344827
193,B Laughlin,32,80,19,0,26,10,10,177,0.1807909604519774,0.4519774011299435,0.10734463276836158,0.0,0.14689265536723164,0.05649717514124294,0.05649717514124294
194,BAW Mendis,68,121,16,1,16,10,8,240,0.2833333333333333,0.5041666666666667,0.06666666666666667,0.004166666666666667,0.06666666666666667,0.041666666666666664,0.03333333333333333
195,GD McGrath,141,103,11,1,41,10,12,319,0.44200626959247646,0.322884012539185,0.034482758620689655,0.003134796238244514,0.12852664576802508,0.03134796238244514,0.03761755485893417
196,JO Holder,75,87,16,1,28,10,5,222,0.33783783783783783,0.3918918918918919,0.07207207207207207,0.0045045045045045045,0.12612612612612611,0.04504504504504504,0.02252252252252252
197,K Khejroliya,22,50,4,0,9,10,3,98,0.22448979591836735,0.5102040816326531,0.04081632653061224,0.0,0.09183673469387756,0.10204081632653061,0.030612244897959183
198,Kamran Khan,53,61,6,1,22,10,9,162,0.3271604938271605,0.3765432098765432,0.037037037037037035,0.006172839506172839,0.13580246913580246,0.06172839506172839,0.05555555555555555
199,R McLaren,104,134,27,2,69,10,12,358,0.2905027932960894,0.3743016759776536,0.07541899441340782,0.00558659217877095,0.19273743016759776,0.027932960893854747,0.0335195530726257
200,R Sathish,27,70,15,0,18,10,3,143,0.1888111888111888,0.48951048951048953,0.1048951048951049,0.0,0.1258741258741259,0.06993006993006994,0.02097902097902098
201,RS Bopara,50,98,12,0,25,10,11,206,0.24271844660194175,0.47572815533980584,0.05825242718446602,0.0,0.12135922330097088,0.04854368932038835,0.05339805825242718
202,Shivam Sharma,33,47,11,0,9,10,4,114,0.2894736842105263,0.41228070175438597,0.09649122807017543,0.0,0.07894736842105263,0.08771929824561403,0.03508771929824561
203,TL Suman,37,75,15,0,8,10,6,151,0.24503311258278146,0.4966887417218543,0.09933774834437085,0.0,0.052980132450331126,0.06622516556291391,0.039735099337748346
204,V Pratap Singh,61,80,13,2,31,10,10,207,0.2946859903381642,0.3864734299516908,0.06280193236714976,0.00966183574879227,0.1497584541062802,0.04830917874396135,0.04830917874396135
205,B Akhil,54,88,14,0,18,9,6,189,0.2857142857142857,0.4656084656084656,0.07407407407407407,0.0,0.09523809523809523,0.047619047619047616,0.031746031746031744
206,B Stanlake,57,49,6,3,19,9,7,150,0.38,0.32666666666666666,0.04,0.02,0.12666666666666668,0.06,0.04666666666666667
207,CRD Fernando,82,86,15,1,30,9,17,240,0.3416666666666667,0.35833333333333334,0.0625,0.004166666666666667,0.125,0.0375,0.07083333333333333
208,D Wiese,63,135,17,1,44,9,16,285,0.22105263157894736,0.47368421052631576,0.05964912280701754,0.0035087719298245615,0.1543859649122807,0.031578947368421054,0.056140350877192984
209,JE Taylor,42,35,14,0,10,9,6,116,0.3620689655172414,0.3017241379310345,0.1206896551724138,0.0,0.08620689655172414,0.07758620689655173,0.05172413793103448
210,KP Pietersen,47,91,11,1,10,9,7,176,0.26704545454545453,0.5170454545454546,0.0625,0.005681818181818182,0.056818181818181816,0.05113636363636364,0.03977272727272727
211,LJ Wright,12,42,4,0,5,9,2,74,0.16216216216216217,0.5675675675675675,0.05405405405405406,0.0,0.06756756756756757,0.12162162162162163,0.02702702702702703
212,P Parameswaran,55,52,7,0,23,9,9,155,0.3548387096774194,0.33548387096774196,0.04516129032258064,0.0,0.14838709677419354,0.05806451612903226,0.05806451612903226
213,R Shukla,33,43,12,1,21,9,5,124,0.2661290322580645,0.3467741935483871,0.0967741935483871,0.008064516129032258,0.1693548387096774,0.07258064516129033,0.04032258064516129
214,SM Pollock,119,93,14,2,30,9,11,278,0.42805755395683454,0.3345323741007194,0.050359712230215826,0.007194244604316547,0.1079136690647482,0.03237410071942446,0.039568345323741004
215,T Curran,9,28,6,0,6,9,6,64,0.140625,0.4375,0.09375,0.0,0.09375,0.140625,0.09375
216,TP Sudhindra,17,29,8,0,8,9,1,72,0.2361111111111111,0.4027777777777778,0.1111111111111111,0.0,0.1111111111111111,0.125,0.013888888888888888
217,AD Mascarenhas,105,106,30,2,34,8,19,304,0.34539473684210525,0.34868421052631576,0.09868421052631579,0.006578947368421052,0.1118421052631579,0.02631578947368421,0.0625
218,Anand Rajan,49,65,10,0,17,8,8,157,0.31210191082802546,0.4140127388535032,0.06369426751592357,0.0,0.10828025477707007,0.050955414012738856,0.050955414012738856
219,CK Langeveldt,56,59,6,0,17,8,13,159,0.3522012578616352,0.3710691823899371,0.03773584905660377,0.0,0.1069182389937107,0.050314465408805034,0.08176100628930817
220,I Sodhi,56,81,17,1,9,8,9,181,0.30939226519337015,0.44751381215469616,0.09392265193370165,0.0055248618784530384,0.049723756906077346,0.04419889502762431,0.049723756906077346
221,J Behrendorff,46,31,5,0,19,8,5,114,0.40350877192982454,0.2719298245614035,0.043859649122807015,0.0,0.16666666666666666,0.07017543859649122,0.043859649122807015
222,J Yadav,84,94,16,0,18,8,5,225,0.37333333333333335,0.4177777777777778,0.07111111111111111,0.0,0.08,0.035555555555555556,0.022222222222222223
223,M Ntini,92,59,8,1,29,8,7,204,0.45098039215686275,0.28921568627450983,0.0392156862745098,0.004901960784313725,0.14215686274509803,0.0392156862745098,0.03431372549019608
224,MA Starc,198,210,56,5,77,8,34,588,0.336734693877551,0.35714285714285715,0.09523809523809523,0.008503401360544218,0.13095238095238096,0.013605442176870748,0.05782312925170068
225,Mohammad Asif,56,67,15,1,37,8,8,192,0.2916666666666667,0.3489583333333333,0.078125,0.005208333333333333,0.19270833333333334,0.041666666666666664,0.041666666666666664
226,A Flintoff,18,27,4,0,7,7,2,65,0.27692307692307694,0.4153846153846154,0.06153846153846154,0.0,0.1076923076923077,0.1076923076923077,0.03076923076923077
227,AM Salvi,50,57,12,0,18,7,7,151,0.33112582781456956,0.37748344370860926,0.07947019867549669,0.0,0.11920529801324503,0.046357615894039736,0.046357615894039736
228,Ankit Soni,35,48,11,0,8,7,2,111,0.3153153153153153,0.43243243243243246,0.0990990990990991,0.0,0.07207207207207207,0.06306306306306306,0.018018018018018018
229,BE Hendricks,43,52,14,4,24,7,9,153,0.28104575163398693,0.33986928104575165,0.0915032679738562,0.026143790849673203,0.1568627450980392,0.0457516339869281,0.058823529411764705
230,H Gurney,43,72,16,0,23,7,7,168,0.25595238095238093,0.42857142857142855,0.09523809523809523,0.0,0.13690476190476192,0.041666666666666664,0.041666666666666664
231,J Searles,5,24,2,1,4,7,2,45,0.1111111111111111,0.5333333333333333,0.044444444444444446,0.022222222222222223,0.08888888888888889,0.15555555555555556,0.044444444444444446
232,J Theron,57,110,11,0,28,7,9,222,0.25675675675675674,0.4954954954954955,0.04954954954954955,0.0,0.12612612612612611,0.03153153153153153,0.04054054054054054
233,L Ferguson,26,39,11,0,20,7,2,105,0.24761904761904763,0.37142857142857144,0.10476190476190476,0.0,0.19047619047619047,0.06666666666666667,0.01904761904761905
234,MK Tiwary,8,22,4,1,2,7,1,45,0.17777777777777778,0.4888888888888889,0.08888888888888889,0.022222222222222223,0.044444444444444446,0.15555555555555556,0.022222222222222223
235,P Amarnath,22,51,8,2,29,7,7,126,0.1746031746031746,0.40476190476190477,0.06349206349206349,0.015873015873015872,0.23015873015873015,0.05555555555555555,0.05555555555555555
236,PC Valthaty,37,71,12,1,15,7,7,150,0.24666666666666667,0.47333333333333333,0.08,0.006666666666666667,0.1,0.04666666666666667,0.04666666666666667
237,RV Gomez,32,37,5,0,10,7,5,96,0.3333333333333333,0.3854166666666667,0.052083333333333336,0.0,0.10416666666666667,0.07291666666666667,0.052083333333333336
238,SB Bangar,51,53,10,1,24,7,4,150,0.34,0.35333333333333333,0.06666666666666667,0.006666666666666667,0.16,0.04666666666666667,0.02666666666666667
239,Shahid Afridi,48,81,13,0,19,7,9,177,0.2711864406779661,0.4576271186440678,0.07344632768361582,0.0,0.10734463276836158,0.03954802259887006,0.05084745762711865
240,Shoaib Ahmed,28,41,5,1,14,7,5,101,0.27722772277227725,0.40594059405940597,0.04950495049504951,0.009900990099009901,0.13861386138613863,0.06930693069306931,0.04950495049504951
241,Sohail Tanvir,99,86,15,0,27,7,22,256,0.38671875,0.3359375,0.05859375,0.0,0.10546875,0.02734375,0.0859375
242,T Shamsi,23,39,7,0,13,7,3,92,0.25,0.42391304347826086,0.07608695652173914,0.0,0.14130434782608695,0.07608695652173914,0.03260869565217391
243,A Choudhary,37,38,9,0,13,6,5,108,0.3425925925925926,0.35185185185185186,0.08333333333333333,0.0,0.12037037037037036,0.05555555555555555,0.046296296296296294
244,CL White,7,24,3,0,5,6,1,46,0.15217391304347827,0.5217391304347826,0.06521739130434782,0.0,0.10869565217391304,0.13043478260869565,0.021739130434782608
245,Gagandeep Singh,22,27,11,0,14,6,3,83,0.26506024096385544,0.3253012048192771,0.13253012048192772,0.0,0.1686746987951807,0.07228915662650602,0.03614457831325301
246,H Viljoen,36,54,12,1,25,6,7,141,0.2553191489361702,0.3829787234042553,0.0851063829787234,0.0070921985815602835,0.1773049645390071,0.0425531914893617,0.04964539007092199
247,JEC Franklin,30,75,11,1,21,6,9,153,0.19607843137254902,0.49019607843137253,0.0718954248366013,0.006535947712418301,0.13725490196078433,0.0392156862745098,0.058823529411764705
248,JJ van der Wath,26,20,1,1,17,6,3,74,0.35135135135135137,0.2702702702702703,0.013513513513513514,0.013513513513513514,0.22972972972972974,0.08108108108108109,0.04054054054054054
249,K Paul,43,89,9,1,18,6,9,175,0.24571428571428572,0.5085714285714286,0.05142857142857143,0.005714285714285714,0.10285714285714286,0.03428571428571429,0.05142857142857143
250,K Santokie,12,16,7,0,6,6,3,50,0.24,0.32,0.14,0.0,0.12,0.12,0.06
251,KM Asif,13,7,2,0,7,6,3,38,0.34210526315789475,0.18421052631578946,0.05263157894736842,0.0,0.18421052631578946,0.15789473684210525,0.07894736842105263
252,L Ngidi,63,62,3,0,13,6,11,158,0.3987341772151899,0.3924050632911392,0.0189873417721519,0.0,0.08227848101265822,0.0379746835443038,0.06962025316455696
253,ND Doshi,22,21,1,0,5,6,2,57,0.38596491228070173,0.3684210526315789,0.017543859649122806,0.0,0.08771929824561403,0.10526315789473684,0.03508771929824561
254,Swapnil Singh,9,38,6,0,1,6,1,61,0.14754098360655737,0.6229508196721312,0.09836065573770492,0.0,0.01639344262295082,0.09836065573770492,0.01639344262295082
255,TS Mills,36,37,6,1,15,6,5,106,0.33962264150943394,0.3490566037735849,0.05660377358490566,0.009433962264150943,0.14150943396226415,0.05660377358490566,0.04716981132075472
256,V Shankar,21,43,6,0,14,6,2,92,0.22826086956521738,0.4673913043478261,0.06521739130434782,0.0,0.15217391304347827,0.06521739130434782,0.021739130434782608
257,VS Malik,78,74,11,3,30,6,6,208,0.375,0.3557692307692308,0.052884615384615384,0.014423076923076924,0.14423076923076922,0.028846153846153848,0.028846153846153848
258,Y Nagar,12,33,6,0,11,6,4,72,0.16666666666666666,0.4583333333333333,0.08333333333333333,0.0,0.1527777777777778,0.08333333333333333,0.05555555555555555
259,A Joseph,17,13,2,0,10,5,6,53,0.32075471698113206,0.24528301886792453,0.03773584905660377,0.0,0.18867924528301888,0.09433962264150944,0.11320754716981132
260,AA Jhunjhunwala,26,34,10,0,10,5,1,86,0.3023255813953488,0.3953488372093023,0.11627906976744186,0.0,0.11627906976744186,0.05813953488372093,0.011627906976744186
261,AF Milne,28,44,7,0,21,5,4,109,0.25688073394495414,0.4036697247706422,0.06422018348623854,0.0,0.1926605504587156,0.045871559633027525,0.03669724770642202
262,DP Vijaykumar,59,49,11,2,23,5,4,153,0.38562091503267976,0.3202614379084967,0.0718954248366013,0.013071895424836602,0.1503267973856209,0.032679738562091505,0.026143790849673203
263,MJ Henry,6,11,1,0,7,5,1,31,0.1935483870967742,0.3548387096774194,0.03225806451612903,0.0,0.22580645161290322,0.16129032258064516,0.03225806451612903
264,P Sahu,21,56,8,0,11,5,3,104,0.20192307692307693,0.5384615384615384,0.07692307692307693,0.0,0.10576923076923077,0.04807692307692308,0.028846153846153848
265,P Suyal,34,39,6,2,16,5,2,104,0.3269230769230769,0.375,0.057692307692307696,0.019230769230769232,0.15384615384615385,0.04807692307692308,0.019230769230769232
266,R Ninan,5,17,3,0,3,5,3,36,0.1388888888888889,0.4722222222222222,0.08333333333333333,0.0,0.08333333333333333,0.1388888888888889,0.08333333333333333
267,RJ Peterson,18,14,3,0,5,5,3,48,0.375,0.2916666666666667,0.0625,0.0,0.10416666666666667,0.10416666666666667,0.0625
268,S Randiv,54,79,14,2,20,5,6,180,0.3,0.4388888888888889,0.07777777777777778,0.011111111111111112,0.1111111111111111,0.027777777777777776,0.03333333333333333
269,SB Joshi,17,24,2,0,6,5,1,55,0.3090909090909091,0.43636363636363634,0.03636363636363636,0.0,0.10909090909090909,0.09090909090909091,0.01818181818181818
270,SMSM Senanayake,64,87,9,2,17,5,9,193,0.3316062176165803,0.45077720207253885,0.046632124352331605,0.010362694300518135,0.08808290155440414,0.025906735751295335,0.046632124352331605
271,T Natarajan,22,38,4,1,9,5,2,81,0.2716049382716049,0.4691358024691358,0.04938271604938271,0.012345679012345678,0.1111111111111111,0.06172839506172839,0.024691358024691357
272,TM Head,5,27,6,0,3,5,2,48,0.10416666666666667,0.5625,0.125,0.0,0.0625,0.10416666666666667,0.041666666666666664
273,Umar Gul,39,59,13,0,16,5,12,144,0.2708333333333333,0.4097222222222222,0.09027777777777778,0.0,0.1111111111111111,0.034722222222222224,0.08333333333333333
274,WA Mota,20,31,10,0,4,5,4,74,0.2702702702702703,0.4189189189189189,0.13513513513513514,0.0,0.05405405405405406,0.06756756756756757,0.05405405405405406
275,A Dananjaya,6,11,2,0,2,4,0,25,0.24,0.44,0.08,0.0,0.08,0.16,0.0
276,AJ Finch,12,19,4,0,4,4,1,44,0.2727272727272727,0.4318181818181818,0.09090909090909091,0.0,0.09090909090909091,0.09090909090909091,0.022727272727272728
277,AL Menaria,37,48,6,0,15,4,3,113,0.3274336283185841,0.4247787610619469,0.05309734513274336,0.0,0.13274336283185842,0.035398230088495575,0.02654867256637168
278,AP Dole,15,30,7,0,11,4,5,72,0.20833333333333334,0.4166666666666667,0.09722222222222222,0.0,0.1527777777777778,0.05555555555555555,0.06944444444444445
279,D Kalyankrishna,8,24,2,1,8,4,2,49,0.16326530612244897,0.4897959183673469,0.04081632653061224,0.02040816326530612,0.16326530612244897,0.08163265306122448,0.04081632653061224
280,Jaskaran Singh,33,32,8,2,22,4,6,107,0.308411214953271,0.29906542056074764,0.07476635514018691,0.018691588785046728,0.205607476635514,0.037383177570093455,0.056074766355140186
281,JDS Neesham,13,25,3,0,9,4,1,55,0.23636363636363636,0.45454545454545453,0.05454545454545454,0.0,0.16363636363636364,0.07272727272727272,0.01818181818181818
282,KJ Abbott,26,34,9,0,24,4,2,99,0.26262626262626265,0.3434343434343434,0.09090909090909091,0.0,0.24242424242424243,0.04040404040404041,0.020202020202020204
283,LH Ferguson,37,29,2,0,9,4,3,84,0.44047619047619047,0.34523809523809523,0.023809523809523808,0.0,0.10714285714285714,0.047619047619047616,0.03571428571428571
284,M de Lange,34,43,5,1,21,4,5,113,0.3008849557522124,0.3805309734513274,0.04424778761061947,0.008849557522123894,0.18584070796460178,0.035398230088495575,0.04424778761061947
285,Mashrafe Mortaza,6,9,4,0,3,4,0,26,0.23076923076923078,0.34615384615384615,0.15384615384615385,0.0,0.11538461538461539,0.15384615384615385,0.0
286,MG Neser,5,7,2,1,6,4,0,25,0.2,0.28,0.08,0.04,0.24,0.16,0.0
287,N Rana,27,39,4,0,12,4,7,93,0.2903225806451613,0.41935483870967744,0.043010752688172046,0.0,0.12903225806451613,0.043010752688172046,0.07526881720430108
288,P R Barman,2,10,5,0,3,4,0,24,0.08333333333333333,0.4166666666666667,0.20833333333333334,0.0,0.125,0.16666666666666666,0.0
289,R Parag,16,43,11,0,8,4,2,84,0.19047619047619047,0.5119047619047619,0.13095238095238096,0.0,0.09523809523809523,0.047619047619047616,0.023809523809523808
290,RR Raje,33,64,9,2,23,4,6,141,0.23404255319148937,0.45390070921985815,0.06382978723404255,0.014184397163120567,0.16312056737588654,0.028368794326241134,0.0425531914893617
291,S Sriram,2,7,1,0,4,4,0,18,0.1111111111111111,0.3888888888888889,0.05555555555555555,0.0,0.2222222222222222,0.2222222222222222,0.0
292,T Thushara,49,54,11,0,14,4,8,140,0.35,0.38571428571428573,0.07857142857142857,0.0,0.1,0.02857142857142857,0.05714285714285714
293,A Uniyal,6,16,4,0,6,3,2,37,0.16216216216216217,0.43243243243243246,0.10810810810810811,0.0,0.16216216216216217,0.08108108108108109,0.05405405405405406
294,CK Kapugedera,0,7,2,0,5,3,0,17,0.0,0.4117647058823529,0.11764705882352941,0.0,0.29411764705882354,0.17647058823529413,0.0
295,D Salunkhe,12,22,3,1,6,3,1,48,0.25,0.4583333333333333,0.0625,0.020833333333333332,0.125,0.0625,0.020833333333333332
296,D Willey,17,23,3,0,12,3,2,60,0.2833333333333333,0.38333333333333336,0.05,0.0,0.2,0.05,0.03333333333333333
297,DJ Muthuswami,40,14,5,1,14,3,4,81,0.49382716049382713,0.1728395061728395,0.06172839506172839,0.012345679012345678,0.1728395061728395,0.037037037037037035,0.04938271604938271
298,DNT Zoysa,22,26,2,1,12,3,2,68,0.3235294117647059,0.38235294117647056,0.029411764705882353,0.014705882352941176,0.17647058823529413,0.04411764705882353,0.029411764705882353
299,Gurkeerat Singh,21,40,6,1,6,3,5,82,0.25609756097560976,0.4878048780487805,0.07317073170731707,0.012195121951219513,0.07317073170731707,0.036585365853658534,0.06097560975609756
300,H Brar,7,16,1,0,3,3,0,30,0.23333333333333334,0.5333333333333333,0.03333333333333333,0.0,0.1,0.1,0.0
301,K Upadhyay,20,22,1,1,9,3,0,56,0.35714285714285715,0.39285714285714285,0.017857142857142856,0.017857142857142856,0.16071428571428573,0.05357142857142857,0.0
302,KAJ Roach,20,16,3,0,10,3,0,52,0.38461538461538464,0.3076923076923077,0.057692307692307696,0.0,0.19230769230769232,0.057692307692307696,0.0
303,LPC Silva,0,3,0,0,0,3,0,6,0.0,0.5,0.0,0.0,0.0,0.5,0.0
304,P Prasanth,3,0,0,0,0,3,0,6,0.5,0.0,0.0,0.0,0.0,0.5,0.0
305,PD Collingwood,19,51,8,0,4,3,5,90,0.2111111111111111,0.5666666666666667,0.08888888888888889,0.0,0.044444444444444446,0.03333333333333333,0.05555555555555555
306,RN ten Doeschate,20,48,6,0,4,3,2,83,0.24096385542168675,0.5783132530120482,0.07228915662650602,0.0,0.04819277108433735,0.03614457831325301,0.024096385542168676
307,RR Bhatkal,0,5,2,0,2,3,0,12,0.0,0.4166666666666667,0.16666666666666666,0.0,0.16666666666666666,0.25,0.0
308,S Dhawan,13,18,1,0,7,3,4,46,0.2826086956521739,0.391304347826087,0.021739130434782608,0.0,0.15217391304347827,0.06521739130434782,0.08695652173913043
309,S Kuggeleijn,15,19,5,0,6,3,2,50,0.3,0.38,0.1,0.0,0.12,0.06,0.04
310,S Warrier,27,29,3,0,8,3,2,72,0.375,0.4027777777777778,0.041666666666666664,0.0,0.1111111111111111,0.041666666666666664,0.027777777777777776
311,SD Chitnis,7,17,2,0,4,3,2,35,0.2,0.4857142857142857,0.05714285714285714,0.0,0.11428571428571428,0.08571428571428572,0.05714285714285714
312,SE Bond,66,72,13,0,27,3,9,190,0.3473684210526316,0.37894736842105264,0.06842105263157895,0.0,0.14210526315789473,0.015789473684210527,0.04736842105263158
313,Shoaib Malik,13,23,8,0,7,3,2,56,0.23214285714285715,0.4107142857142857,0.14285714285714285,0.0,0.125,0.05357142857142857,0.03571428571428571
314,SS Agarwal,6,10,1,0,3,3,1,24,0.25,0.4166666666666667,0.041666666666666664,0.0,0.125,0.125,0.041666666666666664
315,Sunny Gupta,0,11,1,0,4,3,0,19,0.0,0.5789473684210527,0.05263157894736842,0.0,0.21052631578947367,0.15789473684210525,0.0
316,V Chakravarthy,7,3,1,0,3,3,1,18,0.3888888888888889,0.16666666666666666,0.05555555555555555,0.0,0.16666666666666666,0.16666666666666666,0.05555555555555555
317,A Nel,6,5,1,0,3,2,1,18,0.3333333333333333,0.2777777777777778,0.05555555555555555,0.0,0.16666666666666666,0.1111111111111111,0.05555555555555555
318,AA Noffke,5,11,2,0,2,2,1,23,0.21739130434782608,0.4782608695652174,0.08695652173913043,0.0,0.08695652173913043,0.08695652173913043,0.043478260869565216
319,AC Voges,15,30,1,0,8,2,0,56,0.26785714285714285,0.5357142857142857,0.017857142857142856,0.0,0.14285714285714285,0.03571428571428571,0.0
320,AUK Pathan,9,22,2,0,5,2,0,40,0.225,0.55,0.05,0.0,0.125,0.05,0.0
321,B Chipli,1,0,2,0,1,2,0,6,0.16666666666666666,0.0,0.3333333333333333,0.0,0.16666666666666666,0.3333333333333333,0.0
322,BMAJ Mendis,10,14,1,0,2,2,1,30,0.3333333333333333,0.4666666666666667,0.03333333333333333,0.0,0.06666666666666667,0.06666666666666667,0.03333333333333333
323,C Nanda,11,25,8,0,1,2,2,49,0.22448979591836735,0.5102040816326531,0.16326530612244897,0.0,0.02040816326530612,0.04081632653061224,0.04081632653061224
324,DAJ Bracewell,7,10,1,0,2,2,3,25,0.28,0.4,0.04,0.0,0.08,0.08,0.12
325,DB Ravi Teja,3,10,1,0,1,2,1,18,0.16666666666666666,0.5555555555555556,0.05555555555555555,0.0,0.05555555555555555,0.1111111111111111,0.05555555555555555
326,F du Plessis,0,4,0,0,0,2,0,6,0.0,0.6666666666666666,0.0,0.0,0.0,0.3333333333333333,0.0
327,FH Edwards,65,45,8,0,19,2,5,144,0.4513888888888889,0.3125,0.05555555555555555,0.0,0.13194444444444445,0.013888888888888888,0.034722222222222224
328,GS Sandhu,8,18,10,0,8,2,1,47,0.1702127659574468,0.3829787234042553,0.2127659574468085,0.0,0.1702127659574468,0.0425531914893617,0.02127659574468085
329,Harmeet Singh (2),11,6,2,0,3,2,1,25,0.44,0.24,0.08,0.0,0.12,0.08,0.04
330,I Malhotra,0,1,1,0,2,2,0,6,0.0,0.16666666666666666,0.16666666666666666,0.0,0.3333333333333333,0.3333333333333333,0.0
331,J Dala,7,4,3,0,3,2,0,19,0.3684210526315789,0.21052631578947367,0.15789473684210525,0.0,0.15789473684210525,0.10526315789473684,0.0
332,K Goel,19,28,7,1,9,2,0,66,0.2878787878787879,0.42424242424242425,0.10606060606060606,0.015151515151515152,0.13636363636363635,0.030303030303030304,0.0
333,L Livingstone,3,1,0,0,0,2,0,6,0.5,0.16666666666666666,0.0,0.0,0.0,0.3333333333333333,0.0
334,LMP Simmons,1,10,2,0,2,2,1,18,0.05555555555555555,0.5555555555555556,0.1111111111111111,0.0,0.1111111111111111,0.1111111111111111,0.05555555555555555
335,LRPL Taylor,0,10,1,0,0,2,0,13,0.0,0.7692307692307693,0.07692307692307693,0.0,0.0,0.15384615384615385,0.0
336,M Santner,33,35,5,1,6,2,4,86,0.38372093023255816,0.4069767441860465,0.05813953488372093,0.011627906976744186,0.06976744186046512,0.023255813953488372,0.046511627906976744
337,M Wood,5,9,2,0,6,2,0,24,0.20833333333333334,0.375,0.08333333333333333,0.0,0.25,0.08333333333333333,0.0
338,MA Khote,3,13,5,0,4,2,2,29,0.10344827586206896,0.4482758620689655,0.1724137931034483,0.0,0.13793103448275862,0.06896551724137931,0.06896551724137931
339,Mandeep Singh,1,6,2,0,1,2,0,12,0.08333333333333333,0.5,0.16666666666666666,0.0,0.08333333333333333,0.16666666666666666,0.0
340,MJ Clarke,20,33,3,0,4,2,2,64,0.3125,0.515625,0.046875,0.0,0.0625,0.03125,0.03125
341,Mohammad Hafeez,20,29,1,0,5,2,2,59,0.3389830508474576,0.4915254237288136,0.01694915254237288,0.0,0.0847457627118644,0.03389830508474576,0.03389830508474576
342,NL McCullum,10,14,2,0,1,2,0,29,0.3448275862068966,0.4827586206896552,0.06896551724137931,0.0,0.034482758620689655,0.06896551724137931,0.0
343,P Raj,7,14,2,1,6,2,1,33,0.21212121212121213,0.42424242424242425,0.06060606060606061,0.030303030303030304,0.18181818181818182,0.06060606060606061,0.030303030303030304
344,R Salam,8,10,4,0,3,2,0,27,0.2962962962962963,0.37037037037037035,0.14814814814814814,0.0,0.1111111111111111,0.07407407407407407,0.0
345,RW Price,1,13,0,0,2,2,0,18,0.05555555555555555,0.7222222222222222,0.0,0.0,0.1111111111111111,0.1111111111111111,0.0
346,S Midhun,3,4,0,1,2,2,0,12,0.25,0.3333333333333333,0.0,0.08333333333333333,0.16666666666666666,0.16666666666666666,0.0
347,S Vidyut,4,4,1,0,1,2,1,13,0.3076923076923077,0.3076923076923077,0.07692307692307693,0.0,0.07692307692307693,0.15384615384615385,0.07692307692307693
348,SB Wagh,40,29,6,0,21,2,5,103,0.3883495145631068,0.2815533980582524,0.05825242718446602,0.0,0.20388349514563106,0.019417475728155338,0.04854368932038835
349,Shoaib Akhtar,18,12,3,0,6,2,5,46,0.391304347826087,0.2608695652173913,0.06521739130434782,0.0,0.13043478260869565,0.043478260869565216,0.10869565217391304
350,SM Harwood,30,17,6,1,6,2,3,65,0.46153846153846156,0.26153846153846155,0.09230769230769231,0.015384615384615385,0.09230769230769231,0.03076923076923077,0.046153846153846156
351,Tejas Baroka,6,9,2,0,2,2,0,21,0.2857142857142857,0.42857142857142855,0.09523809523809523,0.0,0.09523809523809523,0.09523809523809523,0.0
352,VS Yeligati,6,14,0,0,7,2,0,29,0.20689655172413793,0.4827586206896552,0.0,0.0,0.2413793103448276,0.06896551724137931,0.0
353,AA Kazi,2,7,2,0,1,1,0,13,0.15384615384615385,0.5384615384615384,0.15384615384615385,0.0,0.07692307692307693,0.07692307692307693,0.0
354,Abdur Razzak,5,3,1,0,2,1,0,12,0.4166666666666667,0.25,0.08333333333333333,0.0,0.16666666666666666,0.08333333333333333,0.0
355,AS Raut,6,14,4,0,4,1,0,29,0.20689655172413793,0.4827586206896552,0.13793103448275862,0.0,0.13793103448275862,0.034482758620689655,0.0
356,B Geeves,14,15,1,0,17,1,1,49,0.2857142857142857,0.30612244897959184,0.02040816326530612,0.0,0.3469387755102041,0.02040816326530612,0.02040816326530612
357,C Ganapathy,1,3,0,0,1,1,0,6,0.16666666666666666,0.5,0.0,0.0,0.16666666666666666,0.16666666666666666,0.0
358,C Munro,5,5,0,0,1,1,0,12,0.4166666666666667,0.4166666666666667,0.0,0.0,0.08333333333333333,0.08333333333333333,0.0
359,CJ McKay,13,17,1,1,8,1,1,42,0.30952380952380953,0.40476190476190477,0.023809523809523808,0.023809523809523808,0.19047619047619047,0.023809523809523808,0.023809523809523808
360,D du Preez,14,13,2,3,6,1,4,43,0.32558139534883723,0.3023255813953488,0.046511627906976744,0.06976744186046512,0.13953488372093023,0.023255813953488372,0.09302325581395349
361,D Short,6,7,1,0,1,1,1,17,0.35294117647058826,0.4117647058823529,0.058823529411764705,0.0,0.058823529411764705,0.058823529411764705,0.058823529411764705
362,DJ Harris,4,10,1,0,2,1,0,18,0.2222222222222222,0.5555555555555556,0.05555555555555555,0.0,0.1111111111111111,0.05555555555555555,0.0
363,FY Fazal,1,8,1,0,1,1,0,12,0.08333333333333333,0.6666666666666666,0.08333333333333333,0.0,0.08333333333333333,0.08333333333333333,0.0
364,GH Vihari,16,12,2,0,4,1,1,36,0.4444444444444444,0.3333333333333333,0.05555555555555555,0.0,0.1111111111111111,0.027777777777777776,0.027777777777777776
365,GR Napier,7,11,1,0,2,1,1,23,0.30434782608695654,0.4782608695652174,0.043478260869565216,0.0,0.08695652173913043,0.043478260869565216,0.043478260869565216
366,JM Kemp,12,20,2,0,6,1,3,44,0.2727272727272727,0.45454545454545453,0.045454545454545456,0.0,0.13636363636363635,0.022727272727272728,0.06818181818181818
367,L Ablish,7,19,3,0,11,1,3,44,0.1590909090909091,0.4318181818181818,0.06818181818181818,0.0,0.25,0.022727272727272728,0.06818181818181818
368,M Manhas,15,21,2,1,2,1,0,42,0.35714285714285715,0.5,0.047619047619047616,0.023809523809523808,0.047619047619047616,0.023809523809523808,0.0
369,O Thomas,12,27,2,2,9,1,5,58,0.20689655172413793,0.46551724137931033,0.034482758620689655,0.034482758620689655,0.15517241379310345,0.017241379310344827,0.08620689655172414
370,RG More,3,19,7,0,5,1,1,36,0.08333333333333333,0.5277777777777778,0.19444444444444445,0.0,0.1388888888888889,0.027777777777777776,0.027777777777777776
371,S Rutherford,6,29,4,0,4,1,1,45,0.13333333333333333,0.6444444444444445,0.08888888888888889,0.0,0.08888888888888889,0.022222222222222223,0.022222222222222223
372,SA Abbott,6,15,2,0,8,1,0,32,0.1875,0.46875,0.0625,0.0,0.25,0.03125,0.0
373,SM Boland,12,18,3,0,6,1,2,42,0.2857142857142857,0.42857142857142855,0.07142857142857142,0.0,0.14285714285714285,0.023809523809523808,0.047619047619047616
374,SR Tendulkar,4,22,3,0,6,1,0,36,0.1111111111111111,0.6111111111111112,0.08333333333333333,0.0,0.16666666666666666,0.027777777777777776,0.0
375,A Roy,3,11,0,0,0,0,1,15,0.2,0.7333333333333333,0.0,0.0,0.0,0.0,0.06666666666666667
376,AC Gilchrist,0,0,0,0,0,0,1,1,0.0,0.0,0.0,0.0,0.0,0.0,1.0
377,AM Rahane,1,3,1,0,0,0,1,6,0.16666666666666666,0.5,0.16666666666666666,0.0,0.0,0.0,0.16666666666666666
378,BJ Rohrer,1,4,0,0,2,0,0,7,0.14285714285714285,0.5714285714285714,0.0,0.0,0.2857142857142857,0.0,0.0
379,DJ Thornely,16,20,0,0,5,0,3,44,0.36363636363636365,0.45454545454545453,0.0,0.0,0.11363636363636363,0.0,0.06818181818181818
380,H Vihari,0,5,0,0,1,0,0,6,0.0,0.8333333333333334,0.0,0.0,0.16666666666666666,0.0,0.0
381,JW Hastings,28,16,3,0,11,0,3,61,0.45901639344262296,0.26229508196721313,0.04918032786885246,0.0,0.18032786885245902,0.0,0.04918032786885246
382,KMDN Kulasekara,40,32,12,0,16,0,5,105,0.38095238095238093,0.3047619047619048,0.11428571428571428,0.0,0.1523809523809524,0.0,0.047619047619047616
383,KS Williamson,2,3,0,0,1,0,0,6,0.3333333333333333,0.5,0.0,0.0,0.16666666666666666,0.0,0.0
384,LA Carseldine,3,2,0,0,1,0,1,7,0.42857142857142855,0.2857142857142857,0.0,0.0,0.14285714285714285,0.0,0.14285714285714285
385,M Lomror,2,11,2,0,3,0,0,18,0.1111111111111111,0.6111111111111112,0.1111111111111111,0.0,0.16666666666666666,0.0,0.0
386,M Vijay,8,21,2,0,6,0,0,37,0.21621621621621623,0.5675675675675675,0.05405405405405406,0.0,0.16216216216216217,0.0,0.0
387,MB Parmar,4,9,0,0,6,0,0,19,0.21052631578947367,0.47368421052631576,0.0,0.0,0.3157894736842105,0.0,0.0
388,NB Singh,12,7,0,0,2,0,1,22,0.5454545454545454,0.3181818181818182,0.0,0.0,0.09090909090909091,0.0,0.045454545454545456
389,NJ Rimmington,9,3,2,0,3,0,0,17,0.5294117647058824,0.17647058823529413,0.11764705882352941,0.0,0.17647058823529413,0.0,0.0
390,PM Sarvesh Kumar,10,12,1,0,7,0,1,31,0.3225806451612903,0.3870967741935484,0.03225806451612903,0.0,0.22580645161290322,0.0,0.03225806451612903
391,RA Shaikh,1,3,0,0,2,0,0,6,0.16666666666666666,0.5,0.0,0.0,0.3333333333333333,0.0,0.0
392,RA Tripathi,0,4,0,0,2,0,0,6,0.0,0.6666666666666666,0.0,0.0,0.3333333333333333,0.0,0.0
393,RR Bose,5,0,2,0,5,0,0,12,0.4166666666666667,0.0,0.16666666666666666,0.0,0.4166666666666667,0.0,0.0
394,RS Gavaskar,2,2,1,0,1,0,0,6,0.3333333333333333,0.3333333333333333,0.16666666666666666,0.0,0.16666666666666666,0.0,0.0
395,S Dube,3,8,0,0,0,0,0,11,0.2727272727272727,0.7272727272727273,0.0,0.0,0.0,0.0,0.0
396,S Rana,5,8,1,0,2,0,0,16,0.3125,0.5,0.0625,0.0,0.125,0.0,0.0
397,SA Yadav,2,2,1,0,1,0,0,6,0.3333333333333333,0.3333333333333333,0.16666666666666666,0.0,0.16666666666666666,0.0,0.0
398,Sachin Baby,3,4,0,0,1,0,2,10,0.3,0.4,0.0,0.0,0.1,0.0,0.2
399,SN Khan,0,0,1,0,1,0,0,2,0.0,0.0,0.5,0.0,0.5,0.0,0.0
400,SPD Smith,0,1,0,0,1,0,0,2,0.0,0.5,0.0,0.0,0.5,0.0,0.0
401,SS Mundhe,3,2,0,0,1,0,1,7,0.42857142857142855,0.2857142857142857,0.0,0.0,0.14285714285714285,0.0,0.14285714285714285
402,SS Sarkar,3,16,1,0,4,0,1,25,0.12,0.64,0.04,0.0,0.16,0.0,0.04
403,T Henderson,13,12,4,0,5,0,1,35,0.37142857142857144,0.34285714285714286,0.11428571428571428,0.0,0.14285714285714285,0.0,0.02857142857142857
404,Y Gnaneswara Rao,3,1,1,0,1,0,0,6,0.5,0.16666666666666666,0.16666666666666666,0.0,0.16666666666666666,0.0,0.0
