bowler,dots_conc,singles_conc,doubles_conc,triples_conc,fours_conc,sixes_conc,wickets_conc,balls_bowled,dot_conc_prob,sing_conc_prob,doub_conc_prob,trip_conc_prob,four_conc_prob,six_conc_prob,wkt_conc_prob
Akhila Dhananjaya,6,11,2,0,2,4,0,25,0.24,0.44,0.08,0.0,0.08,0.16,0.0
Andrew Flintoff,18,27,4,0,7,7,2,65,0.2769230769230769,0.4153846153846154,0.061538461538461535,0.0,0.1076923076923077,0.1076923076923077,0.030769230769230767
Alzari Joseph,17,13,2,0,10,5,6,53,0.3207547169811321,0.2452830188679245,0.03773584905660377,0.0,0.18867924528301888,0.09433962264150944,0.11320754716981132
Anil kumble,329,411,62,3,71,35,45,956,0.34414225941422594,0.4299163179916318,0.06485355648535565,0.0031380753138075318,0.07426778242677824,0.03661087866108786,0.04707112970711297
Amit Mishra,952,1395,241,6,216,169,156,3135,0.3036682615629984,0.4449760765550239,0.07687400318979266,0.0019138755980861247,0.06889952153110047,0.05390749601275917,0.049760765550239235
Abhimanyu Mithun,83,133,20,1,41,20,7,305,0.2721311475409836,0.4360655737704918,0.06557377049180327,0.003278688524590164,0.13442622950819672,0.06557377049180327,0.022950819672131147
Aashish Nehra,692,675,107,7,277,75,106,1939,0.3568849922640536,0.3481175863847344,0.055183084063950484,0.0036101083032490976,0.14285714285714285,0.03867973182052605,0.054667354306343466
Andrew Symonds,170,218,37,1,44,33,20,523,0.32504780114722753,0.4168260038240918,0.07074569789674952,0.0019120458891013386,0.0841300191204589,0.06309751434034416,0.03824091778202677
Adam Zampa,51,109,16,0,12,14,19,221,0.2307692307692308,0.4932126696832579,0.07239819004524888,0.0,0.05429864253393665,0.06334841628959276,0.08597285067873303
Ajit Agarkar,225,341,47,4,113,40,29,799,0.2816020025031289,0.4267834793491865,0.05882352941176471,0.0050062578222778474,0.1414267834793492,0.050062578222778466,0.03629536921151439
Ashok Dinda,558,536,102,6,230,56,69,1557,0.3583815028901734,0.3442517662170841,0.06551059730250483,0.0038535645472061657,0.14771997430956968,0.035966602440590884,0.044315992292870914
Abdur Razzak,5,3,1,0,2,1,0,12,0.4166666666666667,0.25,0.08333333333333333,0.0,0.16666666666666666,0.08333333333333333,0.0
Adam Gilchrist,0,0,0,0,0,0,1,1,0.0,0.0,0.0,0.0,0.0,0.0,1.0
Adam Voges,15,30,1,0,8,2,0,56,0.26785714285714285,0.5357142857142857,0.017857142857142856,0.0,0.14285714285714285,0.03571428571428571,0.0
Angelo Mathews,197,379,62,0,98,29,27,792,0.2487373737373737,0.4785353535353536,0.07828282828282829,0.0,0.12373737373737374,0.036616161616161616,0.03409090909090909
Andre Russell,307,406,66,4,153,61,55,1052,0.29182509505703425,0.3859315589353613,0.06273764258555133,0.0038022813688212928,0.14543726235741444,0.057984790874524725,0.05228136882129278
Adam Milne,28,44,7,0,21,5,4,109,0.2568807339449541,0.4036697247706422,0.06422018348623854,0.0,0.1926605504587156,0.045871559633027525,0.03669724770642202
Aaron Finch,12,19,4,0,4,4,1,44,0.2727272727272727,0.4318181818181818,0.09090909090909093,0.0,0.09090909090909093,0.09090909090909093,0.022727272727272728
Andrew Tye,143,278,44,1,73,26,39,604,0.2367549668874172,0.4602649006622517,0.0728476821192053,0.0016556291390728475,0.12086092715231787,0.04304635761589404,0.06456953642384106
Abhishek Nayar.,60,112,22,0,22,13,9,238,0.25210084033613445,0.4705882352941176,0.09243697478991596,0.0,0.09243697478991596,0.0546218487394958,0.037815126050420166
Ajinkya Rahane,1,3,1,0,0,0,1,6,0.16666666666666666,0.5,0.16666666666666666,0.0,0.0,0.0,0.16666666666666666
Anand Rajan,49,65,10,0,17,8,8,157,0.31210191082802546,0.4140127388535032,0.06369426751592358,0.0,0.10828025477707008,0.050955414012738856,0.050955414012738856
Ankit Sharma,125,169,25,4,29,19,13,384,0.3255208333333333,0.4401041666666667,0.06510416666666667,0.010416666666666666,0.07552083333333333,0.04947916666666666,0.033854166666666664
Ankit Soni,35,48,11,0,8,7,2,111,0.3153153153153153,0.4324324324324325,0.0990990990990991,0.0,0.07207207207207207,0.06306306306306306,0.018018018018018014
Anureet Singh,121,158,29,3,64,22,18,415,0.29156626506024097,0.38072289156626493,0.06987951807228916,0.0072289156626506035,0.15421686746987953,0.05301204819277108,0.04337349397590362
Axar Patel,489,811,109,3,138,89,71,1710,0.28596491228070176,0.4742690058479532,0.06374269005847953,0.0017543859649122807,0.08070175438596491,0.052046783625730994,0.04152046783625731
Ankit Rajpoot,139,156,23,3,71,18,22,432,0.32175925925925924,0.3611111111111111,0.053240740740740734,0.006944444444444444,0.16435185185185186,0.04166666666666666,0.050925925925925916
Avesh Khan,56,53,4,0,22,18,5,158,0.35443037974683544,0.3354430379746836,0.02531645569620253,0.0,0.13924050632911392,0.1139240506329114,0.03164556962025317
Azhar Mahmood,170,219,33,1,71,18,29,541,0.3142329020332717,0.4048059149722736,0.06099815157116451,0.0018484288354898336,0.13123844731977818,0.033271719038817,0.05360443622920517
Balachandra Akhil,54,88,14,0,18,9,6,189,0.2857142857142857,0.4656084656084656,0.07407407407407407,0.0,0.09523809523809523,0.047619047619047616,0.031746031746031744
Bharat Chipli,1,0,2,0,1,2,0,6,0.16666666666666666,0.0,0.3333333333333333,0.0,0.16666666666666666,0.3333333333333333,0.0
Brett Geeves,14,15,1,0,17,1,1,49,0.2857142857142857,0.30612244897959184,0.020408163265306117,0.0,0.3469387755102041,0.020408163265306117,0.020408163265306117
Bhuvneshwar Kumar,983,918,179,11,322,87,133,2633,0.37333839726547663,0.3486517280668439,0.06798328902392707,0.004177744018230156,0.1222939612609191,0.03304215723509305,0.05051272312951007
Ben Laughlin,32,80,19,0,26,10,10,177,0.1807909604519774,0.4519774011299435,0.10734463276836158,0.0,0.14689265536723164,0.05649717514124294,0.05649717514124294
Brett Lee,349,296,67,2,121,25,25,885,0.3943502824858757,0.3344632768361582,0.07570621468926554,0.0022598870056497176,0.1367231638418079,0.02824858757062147,0.02824858757062147
Billy Stanlake,57,49,6,3,19,9,7,150,0.38,0.32666666666666666,0.04,0.02,0.12666666666666668,0.06,0.04666666666666667
Bhargav Bhatt,81,137,18,2,35,13,12,298,0.27181208053691275,0.4597315436241611,0.060402684563758385,0.006711409395973154,0.1174496644295302,0.0436241610738255,0.040268456375838924
Ben Stokes,181,236,45,2,86,22,26,598,0.30267558528428096,0.3946488294314381,0.07525083612040134,0.0033444816053511705,0.14381270903010032,0.03678929765886288,0.043478260869565216
Basil Thampi,93,180,28,0,58,30,16,405,0.22962962962962966,0.4444444444444444,0.0691358024691358,0.0,0.14320987654320988,0.07407407407407407,0.03950617283950617
Ajantha Mendis,68,121,16,1,16,10,8,240,0.2833333333333333,0.5041666666666667,0.06666666666666668,0.0041666666666666675,0.06666666666666668,0.04166666666666666,0.03333333333333333
Barinder Sran,150,197,37,3,72,29,18,506,0.2964426877470356,0.3893280632411067,0.07312252964426877,0.005928853754940711,0.1422924901185771,0.05731225296442687,0.03557312252964427
Ben Cutting,67,139,12,0,44,15,10,287,0.2334494773519164,0.4843205574912892,0.041811846689895474,0.0,0.15331010452961671,0.05226480836236934,0.03484320557491289
Beuran Hendricks,43,52,14,4,24,7,9,153,0.2810457516339869,0.33986928104575165,0.0915032679738562,0.026143790849673203,0.1568627450980392,0.0457516339869281,0.05882352941176471
Bipul Sharma,114,207,28,2,28,31,17,427,0.26697892271662765,0.4847775175644028,0.06557377049180327,0.00468384074941452,0.06557377049180327,0.07259953161592506,0.03981264637002342
Brad Hodge,58,108,19,0,17,14,17,233,0.24892703862660945,0.46351931330472107,0.0815450643776824,0.0,0.07296137339055794,0.06008583690987125,0.07296137339055794
Ben Rohrer,1,4,0,0,2,0,0,7,0.14285714285714285,0.5714285714285714,0.0,0.0,0.2857142857142857,0.0,0.0
Jeevan Mendis,10,14,1,0,2,2,1,30,0.3333333333333333,0.4666666666666667,0.03333333333333333,0.0,0.06666666666666668,0.06666666666666668,0.03333333333333333
Benjamin William Hilfenhaus,151,115,20,2,48,21,22,379,0.3984168865435356,0.3034300791556728,0.05277044854881266,0.0052770448548812654,0.1266490765171504,0.055408970976253295,0.058047493403693924
Colin de Grandhomme,52,117,15,0,22,12,6,224,0.23214285714285715,0.5223214285714286,0.06696428571428571,0.0,0.09821428571428573,0.05357142857142857,0.026785714285714284
Colin Munro,5,5,0,0,1,1,0,12,0.4166666666666667,0.4166666666666667,0.0,0.0,0.08333333333333333,0.08333333333333333,0.0
Chris Gayle,162,264,35,4,49,27,18,559,0.2898032200357782,0.4722719141323792,0.0626118067978533,0.007155635062611806,0.08765652951699464,0.048300536672629686,0.03220035778175313
Chris Morris,425,482,86,10,168,56,69,1296,0.3279320987654321,0.3719135802469136,0.06635802469135803,0.007716049382716048,0.12962962962962962,0.043209876543209874,0.053240740740740734
Corey Anderson,68,136,18,0,52,23,11,308,0.2207792207792208,0.4415584415584416,0.05844155844155844,0.0,0.16883116883116886,0.07467532467532467,0.03571428571428571
Chris Jordan,49,91,17,0,24,12,12,205,0.23902439024390246,0.4439024390243903,0.08292682926829269,0.0,0.11707317073170732,0.05853658536585366,0.05853658536585366
Clint Mckay,13,17,1,1,8,1,1,42,0.30952380952380953,0.4047619047619048,0.023809523809523808,0.023809523809523808,0.19047619047619047,0.023809523809523808,0.023809523809523808
Cameron White,7,24,3,0,5,6,1,46,0.15217391304347827,0.5217391304347826,0.06521739130434782,0.0,0.10869565217391304,0.13043478260869565,0.021739130434782608
Carlos Brathwaite,61,123,14,1,37,12,13,261,0.23371647509578544,0.4712643678160919,0.05363984674329502,0.0038314176245210726,0.1417624521072797,0.045977011494252866,0.049808429118773936
Chris Woakes,106,152,21,0,58,25,25,387,0.2739018087855297,0.39276485788113696,0.05426356589147287,0.0,0.14987080103359174,0.06459948320413436,0.06459948320413436
Darcy Short,6,7,1,0,1,1,1,17,0.35294117647058826,0.4117647058823529,0.05882352941176471,0.0,0.05882352941176471,0.05882352941176471,0.05882352941176471
David Wiese,63,135,17,1,44,9,16,285,0.22105263157894736,0.4736842105263158,0.059649122807017535,0.003508771929824561,0.1543859649122807,0.03157894736842105,0.05614035087719298
David Willey,17,23,3,0,12,3,2,60,0.2833333333333333,0.38333333333333336,0.05,0.0,0.2,0.05,0.03333333333333333
Doug Bollinger,217,200,33,2,73,19,37,581,0.3734939759036144,0.3442340791738382,0.056798623063683315,0.0034423407917383822,0.12564543889845095,0.03270223752151463,0.06368330464716007
Dwayne Bravo,678,1184,219,6,289,133,147,2656,0.2552710843373494,0.4457831325301205,0.08245481927710842,0.0022590361445783127,0.10881024096385544,0.05007530120481928,0.05534638554216868
Deepak Hooda,53,121,16,0,22,12,6,230,0.23043478260869565,0.5260869565217391,0.06956521739130435,0.0,0.09565217391304348,0.052173913043478265,0.026086956521739132
David Hussey,78,149,26,1,30,25,8,317,0.24605678233438485,0.470031545741325,0.08201892744479496,0.003154574132492113,0.0946372239747634,0.07886435331230282,0.025236593059936908
Darren Sammy,61,103,20,1,33,12,11,241,0.25311203319502074,0.42738589211618255,0.08298755186721991,0.004149377593360996,0.13692946058091288,0.04979253112033195,0.04564315352697095
Deepak Chahar,295,221,36,4,104,24,33,717,0.4114365411436541,0.3082287308228731,0.0502092050209205,0.0055788005578800565,0.14504881450488144,0.03347280334728033,0.04602510460251046
Daniel Vettori,242,355,54,1,67,24,28,771,0.3138780804150454,0.4604409857328145,0.07003891050583658,0.0012970168612191958,0.08690012970168612,0.0311284046692607,0.03631647211413749
Dwayne Smith,142,232,37,0,74,33,26,544,0.2610294117647059,0.4264705882352941,0.06801470588235294,0.0,0.13602941176470587,0.06066176470588235,0.04779411764705882
Dhawal Kulkarni,643,614,107,10,266,77,86,1803,0.3566278424847477,0.3405435385468663,0.05934553521907932,0.005546311702717693,0.14753189129229066,0.04270660011092623,0.047698280643372164
Daniel Christian,234,340,67,2,87,34,34,798,0.2932330827067669,0.42606516290726815,0.08395989974937343,0.0025062656641604013,0.10902255639097744,0.04260651629072682,0.04260651629072682
Dale Steyn,900,701,125,15,268,47,96,2152,0.4182156133828997,0.3257434944237918,0.05808550185873606,0.006970260223048327,0.12453531598513012,0.02184014869888476,0.044609665427509285
Faf du Plessis,0,4,0,0,0,2,0,6,0.0,0.6666666666666666,0.0,0.0,0.0,0.3333333333333333,0.0
Fidel Edwards,65,45,8,0,19,2,5,144,0.4513888888888889,0.3125,0.05555555555555555,0.0,0.13194444444444445,0.013888888888888888,0.034722222222222224
Faiz Fazal,1,8,1,0,1,1,0,12,0.08333333333333333,0.6666666666666666,0.08333333333333333,0.0,0.08333333333333333,0.08333333333333333,0.0
Gagandeep Singh,22,27,11,0,14,6,3,83,0.26506024096385544,0.3253012048192771,0.13253012048192772,0.0,0.1686746987951807,0.07228915662650602,0.03614457831325301
Brad Hogg,136,196,34,3,39,21,23,452,0.3008849557522124,0.4336283185840708,0.0752212389380531,0.00663716814159292,0.08628318584070796,0.04646017699115045,0.050884955752212385
Glenn McGrath,141,103,11,1,41,10,12,319,0.4420062695924765,0.322884012539185,0.03448275862068965,0.003134796238244514,0.12852664576802508,0.03134796238244514,0.03761755485893417
Hanuma Vihari,16,12,2,0,4,1,1,36,0.4444444444444444,0.3333333333333333,0.05555555555555555,0.0,0.1111111111111111,0.027777777777777776,0.027777777777777776
Glenn Maxwell,111,197,33,0,39,32,16,428,0.25934579439252337,0.4602803738317757,0.07710280373831775,0.0,0.0911214953271028,0.07476635514018691,0.037383177570093455
Graham Napier,7,11,1,0,2,1,1,23,0.3043478260869565,0.4782608695652174,0.043478260869565216,0.0,0.08695652173913042,0.043478260869565216,0.043478260869565216
Gurinder Sandhu,8,18,10,0,8,2,1,47,0.1702127659574468,0.3829787234042553,0.2127659574468085,0.0,0.1702127659574468,0.0425531914893617,0.02127659574468085
Gurkeerat Singh,21,40,6,1,6,3,5,82,0.25609756097560976,0.4878048780487805,0.07317073170731707,0.012195121951219513,0.07317073170731707,0.03658536585365853,0.06097560975609756
Harpreet Brar,7,16,1,0,3,3,0,30,0.2333333333333333,0.5333333333333333,0.03333333333333333,0.0,0.1,0.1,0.0
Harry Gurney,43,72,16,0,23,7,7,168,0.2559523809523809,0.42857142857142855,0.09523809523809523,0.0,0.13690476190476192,0.04166666666666666,0.04166666666666666
Hanuma Vihari,0,5,0,0,1,0,0,6,0.0,0.8333333333333334,0.0,0.0,0.16666666666666666,0.0,0.0
Hardus Viljoen,36,54,12,1,25,6,7,141,0.2553191489361702,0.3829787234042553,0.0851063829787234,0.007092198581560284,0.1773049645390071,0.0425531914893617,0.04964539007092199
Harbhajan Singh,1094,1519,190,15,289,142,150,3399,0.3218593704030597,0.44689614592527216,0.055898793762871435,0.00441306266548985,0.08502500735510445,0.041776993233303916,0.0441306266548985
Harmeet Singh,163,218,42,0,65,20,26,534,0.3052434456928839,0.40823970037453183,0.07865168539325842,0.0,0.12172284644194754,0.03745318352059925,0.048689138576779034
Hardik Pandya,245,377,55,2,115,58,42,894,0.2740492170022371,0.4217002237136465,0.061521252796420574,0.0022371364653243847,0.12863534675615212,0.06487695749440715,0.04697986577181208
Harshal Patel,245,331,62,1,115,47,43,844,0.2902843601895735,0.3921800947867299,0.07345971563981042,0.0011848341232227491,0.1362559241706161,0.055687203791469186,0.0509478672985782
Ishant Sharma,743,603,128,13,301,72,71,1931,0.38477472812014507,0.3122734334541688,0.06628689798032107,0.006732263076126359,0.15587778353184878,0.037286380113930616,0.03676851372345935
Ish Sodhi,56,81,17,1,9,8,9,181,0.3093922651933701,0.44751381215469616,0.09392265193370164,0.0055248618784530384,0.04972375690607735,0.044198895027624314,0.04972375690607735
Irfan Pathan,755,731,116,4,293,82,80,2061,0.36632702571567205,0.3546821931101407,0.05628335759340127,0.001940805434255216,0.14216399805919458,0.039786511402231925,0.038816108685104316
Imran Tahir,327,567,84,3,94,79,79,1233,0.2652068126520681,0.4598540145985402,0.0681265206812652,0.0024330900243309003,0.07623682076236821,0.0640713706407137,0.0640713706407137
Iqbal Abdulla,291,416,51,4,88,37,40,927,0.313915857605178,0.4487594390507012,0.05501618122977346,0.004314994606256742,0.09492988133764832,0.03991370010787487,0.04314994606256743
Jofra Archer,181,181,32,2,54,26,26,502,0.3605577689243028,0.3605577689243028,0.06374501992031872,0.00398406374501992,0.10756972111553784,0.05179282868525897,0.05179282868525897
Jason Behrendorff,46,31,5,0,19,8,5,114,0.4035087719298245,0.2719298245614035,0.04385964912280702,0.0,0.16666666666666666,0.07017543859649122,0.04385964912280702
Johan Botha,229,308,43,4,60,24,25,693,0.33044733044733043,0.4444444444444444,0.06204906204906205,0.005772005772005772,0.08658008658008658,0.03463203463203463,0.036075036075036065
Junior Dala,7,4,3,0,3,2,0,19,0.3684210526315789,0.21052631578947367,0.15789473684210525,0.0,0.15789473684210525,0.10526315789473684,0.0
Jagadeesha Suchith,69,122,24,2,31,16,12,276,0.25,0.4420289855072464,0.08695652173913042,0.007246376811594203,0.11231884057971014,0.05797101449275361,0.043478260869565216
Jayant Yadav,84,94,16,0,18,8,5,225,0.37333333333333335,0.4177777777777778,0.07111111111111111,0.0,0.08,0.03555555555555556,0.022222222222222227
Jesse Ryder,71,105,18,0,21,13,8,236,0.3008474576271186,0.4449152542372881,0.07627118644067797,0.0,0.08898305084745763,0.05508474576271186,0.03389830508474576
Jaidev Unadkat,429,617,102,9,191,95,77,1520,0.2822368421052632,0.40592105263157896,0.06710526315789474,0.0059210526315789476,0.1256578947368421,0.0625,0.0506578947368421
Jacob Oram,70,95,14,0,34,13,9,235,0.2978723404255319,0.40425531914893614,0.059574468085106386,0.0,0.14468085106382975,0.05531914893617021,0.03829787234042553
James Neesham,13,25,3,0,9,4,1,55,0.2363636363636364,0.4545454545454545,0.054545454545454536,0.0,0.16363636363636366,0.07272727272727272,0.01818181818181818
James Franklin,30,75,11,1,21,6,9,153,0.19607843137254904,0.4901960784313725,0.0718954248366013,0.006535947712418301,0.13725490196078433,0.0392156862745098,0.05882352941176471
Jacques Kallis,536,749,106,6,235,57,65,1754,0.3055872291904219,0.42702394526795895,0.060433295324971485,0.0034207525655644247,0.13397947548460662,0.03249714937286203,0.0370581527936146
Jasprit Bumrah,564,686,145,8,193,66,82,1744,0.32339449541284404,0.393348623853211,0.08314220183486239,0.004587155963302753,0.1106651376146789,0.037844036697247715,0.04701834862385322
Justin Kemp,12,20,2,0,6,1,3,44,0.2727272727272727,0.4545454545454545,0.045454545454545456,0.0,0.13636363636363635,0.022727272727272728,0.06818181818181818
Jason Holder,75,87,16,1,28,10,5,222,0.33783783783783783,0.3918918918918919,0.07207207207207207,0.0045045045045045045,0.12612612612612611,0.045045045045045036,0.022522522522522518
Joginder Sharma,59,127,17,0,35,16,12,266,0.22180451127819548,0.4774436090225564,0.06390977443609022,0.0,0.13157894736842105,0.06015037593984963,0.045112781954887216
JP Duminy,211,328,43,0,53,33,23,691,0.3053545586107091,0.4746743849493488,0.062228654124457314,0.0,0.07670043415340087,0.04775687409551375,0.03328509406657019
James Faulkner,338,486,123,5,159,65,59,1235,0.2736842105263158,0.39352226720647776,0.09959514170040486,0.004048582995951417,0.12874493927125505,0.05263157894736842,0.04777327935222672
Khaleel Ahmed,70,92,8,1,31,15,19,236,0.2966101694915254,0.3898305084745763,0.03389830508474576,0.00423728813559322,0.13135593220338984,0.0635593220338983,0.08050847457627118
Krishnappa Gowtham,110,157,18,0,49,15,11,360,0.3055555555555556,0.4361111111111111,0.05,0.0,0.1361111111111111,0.04166666666666666,0.030555555555555555
Kulwant Khejroliya,22,50,4,0,9,10,3,98,0.22448979591836732,0.5102040816326531,0.040816326530612235,0.0,0.09183673469387756,0.1020408163265306,0.030612244897959183
Keemo Paul,43,89,9,1,18,6,9,175,0.2457142857142857,0.5085714285714286,0.051428571428571435,0.005714285714285714,0.10285714285714287,0.03428571428571429,0.051428571428571435
Kagiso Rabada,124,155,33,1,58,15,31,417,0.2973621103117506,0.37170263788968827,0.07913669064748201,0.002398081534772182,0.13908872901678654,0.03597122302158273,0.07434052757793765
Kieron Pollard,271,633,96,2,139,63,56,1260,0.2150793650793651,0.5023809523809524,0.0761904761904762,0.0015873015873015873,0.11031746031746033,0.05,0.04444444444444445
Kemar Roach,20,16,3,0,10,3,0,52,0.38461538461538464,0.3076923076923077,0.0576923076923077,0.0,0.19230769230769232,0.0576923076923077,0.0
Krunal Pandya,261,479,64,2,78,33,39,956,0.2730125523012552,0.5010460251046025,0.06694560669456066,0.0020920502092050207,0.08158995815899582,0.034518828451882845,0.04079497907949791
Kyle Abbott,26,34,9,0,24,4,2,99,0.26262626262626265,0.3434343434343434,0.09090909090909093,0.0,0.24242424242424246,0.040404040404040414,0.020202020202020204
Kevon Cooper,151,244,62,0,59,23,33,572,0.26398601398601396,0.42657342657342656,0.1083916083916084,0.0,0.10314685314685317,0.040209790209790215,0.0576923076923077
Kevin Pietersen,47,91,11,1,10,9,7,176,0.2670454545454545,0.5170454545454546,0.0625,0.005681818181818182,0.05681818181818181,0.05113636363636364,0.03977272727272727
Kane Williamson,2,3,0,0,1,0,0,6,0.3333333333333333,0.5,0.0,0.0,0.16666666666666666,0.0,0.0
Kuldeep Yadav,207,398,60,2,61,61,39,828,0.25,0.4806763285024155,0.07246376811594203,0.0024154589371980675,0.07367149758454106,0.07367149758454106,0.04710144927536232
Karn Sharma,326,477,74,4,79,82,54,1096,0.2974452554744525,0.4352189781021898,0.06751824817518247,0.0036496350364963507,0.07208029197080291,0.07481751824817519,0.04927007299270073
Kane Richardson,106,114,22,1,35,23,18,319,0.3322884012539185,0.3573667711598746,0.06896551724137931,0.003134796238244514,0.10971786833855803,0.07210031347962383,0.056426332288401264
Liam Livingstone,3,1,0,0,0,2,0,6,0.5,0.16666666666666666,0.0,0.0,0.0,0.3333333333333333,0.0
Lungisani Ngidi,63,62,3,0,13,6,11,158,0.3987341772151899,0.3924050632911392,0.0189873417721519,0.0,0.08227848101265822,0.0379746835443038,0.06962025316455696
Liam Plunkett,35,77,8,0,15,12,4,151,0.2317880794701987,0.5099337748344371,0.052980132450331126,0.0,0.09933774834437084,0.07947019867549669,0.026490066225165563
Lockie Ferguson,37,29,2,0,9,4,3,84,0.4404761904761905,0.34523809523809523,0.023809523809523808,0.0,0.10714285714285714,0.047619047619047616,0.03571428571428571
Luke Wright,12,42,4,0,5,9,2,74,0.16216216216216214,0.5675675675675675,0.054054054054054064,0.0,0.06756756756756757,0.12162162162162166,0.027027027027027032
Lendyl Simmons,1,10,2,0,2,2,1,18,0.05555555555555555,0.5555555555555556,0.1111111111111111,0.0,0.1111111111111111,0.1111111111111111,0.05555555555555555
Ross Taylor,0,10,1,0,0,2,0,13,0.0,0.7692307692307693,0.07692307692307693,0.0,0.0,0.15384615384615385,0.0
Moeen Ali,80,103,11,0,16,13,9,232,0.3448275862068966,0.44396551724137934,0.047413793103448267,0.0,0.06896551724137931,0.05603448275862069,0.03879310344827586
Murugan Ashwin,116,202,32,1,40,20,15,426,0.2723004694835681,0.4741784037558686,0.07511737089201878,0.002347417840375587,0.09389671361502347,0.046948356807511735,0.035211267605633804
Merchant de Lange,34,43,5,1,21,4,5,113,0.3008849557522124,0.3805309734513274,0.04424778761061947,0.008849557522123894,0.18584070796460175,0.035398230088495575,0.04424778761061947
Murali Kartik,351,536,95,6,97,41,31,1157,0.30337078651685395,0.463267070008643,0.08210890233362142,0.0051858254105445105,0.08383751080380293,0.03543647363872083,0.02679343128781331
Mitun Manhas,15,21,2,1,2,1,0,42,0.35714285714285715,0.5,0.047619047619047616,0.023809523809523808,0.047619047619047616,0.023809523809523808,0.0
Mayank Markande,75,139,12,0,36,20,16,298,0.2516778523489933,0.4664429530201342,0.040268456375838924,0.0,0.12080536912751677,0.06711409395973154,0.053691275167785234
Morne Morkel,631,556,101,11,228,61,77,1665,0.378978978978979,0.33393393393393395,0.06066066066066066,0.006606606606606606,0.13693693693693693,0.03663663663663664,0.046246246246246236
Muttiah Muralitharan,535,657,104,3,104,66,63,1532,0.3492167101827676,0.42885117493472585,0.06788511749347259,0.0019582245430809398,0.06788511749347259,0.04308093994778068,0.041122715404699736
Makhaya Ntini,92,59,8,1,29,8,7,204,0.4509803921568628,0.28921568627450983,0.0392156862745098,0.004901960784313725,0.14215686274509806,0.0392156862745098,0.03431372549019608
Mitchell Santner,33,35,5,1,6,2,4,86,0.38372093023255816,0.4069767441860465,0.05813953488372092,0.011627906976744186,0.06976744186046513,0.02325581395348837,0.04651162790697674
Mujeeb Ur Rahman,109,160,31,3,34,18,17,372,0.2930107526881721,0.4301075268817205,0.08333333333333333,0.008064516129032258,0.0913978494623656,0.04838709677419355,0.0456989247311828
Murali Vijay,8,21,2,0,6,0,0,37,0.21621621621621626,0.5675675675675675,0.054054054054054064,0.0,0.16216216216216214,0.0,0.0
Mark Wood,5,9,2,0,6,2,0,24,0.20833333333333331,0.375,0.08333333333333333,0.0,0.25,0.08333333333333333,0.0
Mitchell Starc,198,210,56,5,77,8,34,588,0.33673469387755106,0.35714285714285715,0.09523809523809523,0.008503401360544218,0.13095238095238096,0.013605442176870748,0.057823129251700675
Mandeep Singh,1,6,2,0,1,2,0,12,0.08333333333333333,0.5,0.16666666666666666,0.0,0.08333333333333333,0.16666666666666666,0.0
Mashrafe Mortaza,6,9,4,0,3,4,0,26,0.2307692307692308,0.3461538461538461,0.15384615384615385,0.0,0.1153846153846154,0.15384615384615385,0.0
Moises Henriques,239,418,55,3,120,37,38,910,0.26263736263736265,0.4593406593406593,0.06043956043956044,0.0032967032967032967,0.13186813186813187,0.04065934065934066,0.04175824175824176
Farvez Maharoof,138,171,28,1,46,16,27,427,0.3231850117096019,0.4004683840749415,0.06557377049180327,0.00234192037470726,0.10772833723653397,0.03747072599531616,0.06323185011709602
Mitchell Johnson,472,405,79,6,194,55,61,1272,0.3710691823899371,0.31839622641509435,0.06210691823899371,0.0047169811320754715,0.15251572327044025,0.04323899371069182,0.0479559748427673
Michael Neser,5,7,2,1,6,4,0,25,0.2,0.28,0.08,0.04,0.24,0.16,0.0
Michael clarke,20,33,3,0,4,2,2,64,0.3125,0.515625,0.046875,0.0,0.0625,0.03125,0.03125
Matt Henry,6,11,1,0,7,5,1,31,0.1935483870967742,0.3548387096774194,0.03225806451612903,0.0,0.2258064516129032,0.16129032258064516,0.03225806451612903
Mitch McClenaghan,436,484,71,3,176,70,71,1311,0.3325705568268497,0.3691838291380625,0.05415713196033562,0.0022883295194508014,0.13424866514111367,0.053394355453852016,0.05415713196033562
Manoj Tiwary,8,22,4,1,2,7,1,45,0.17777777777777778,0.4888888888888889,0.08888888888888889,0.022222222222222227,0.04444444444444445,0.15555555555555556,0.022222222222222227
Munaf Patel,516,445,75,8,187,50,74,1355,0.3808118081180812,0.3284132841328413,0.055350553505535055,0.005904059040590407,0.13800738007380073,0.03690036900369004,0.054612546125461264
Mohit Sharma,545,648,122,8,260,77,91,1751,0.3112507138777841,0.3700742432895489,0.06967447173043975,0.004568817818389492,0.14848657909765847,0.043974871501998865,0.05197030268418047
Marlon Samuels,70,88,16,0,23,12,9,218,0.3211009174311927,0.4036697247706422,0.07339449541284404,0.0,0.10550458715596332,0.05504587155963303,0.041284403669724766
Mohammad Asif,56,67,15,1,37,8,8,192,0.2916666666666667,0.3489583333333333,0.078125,0.005208333333333333,0.19270833333333331,0.04166666666666666,0.04166666666666666
Mohammad Hafeez,20,29,1,0,5,2,2,59,0.3389830508474576,0.4915254237288136,0.01694915254237288,0.0,0.0847457627118644,0.03389830508474576,0.03389830508474576
Mohammad Nabi,100,106,14,1,21,13,11,266,0.3759398496240601,0.3984962406015037,0.05263157894736842,0.003759398496240601,0.07894736842105263,0.04887218045112782,0.04135338345864661
Mohammed Shami,316,403,65,1,158,59,40,1042,0.30326295585412666,0.3867562380038388,0.06238003838771593,0.0009596928982725527,0.15163147792706333,0.056621880998080625,0.038387715930902115
Mohammed Siraj,172,227,30,1,72,41,28,571,0.3012259194395797,0.3975481611208406,0.05253940455341506,0.0017513134851138356,0.12609457092819615,0.07180385288966724,0.04903677758318739
Marcus Stoinis,78,180,21,0,51,23,15,368,0.21195652173913046,0.4891304347826087,0.05706521739130435,0.0,0.13858695652173916,0.0625,0.040760869565217385
Mitchell Marsh,92,138,18,0,39,14,20,321,0.2866043613707165,0.4299065420560748,0.05607476635514018,0.0,0.12149532710280375,0.04361370716510903,0.06230529595015576
Mustafizur Rahman,173,226,50,1,56,22,24,552,0.3134057971014493,0.4094202898550725,0.09057971014492754,0.0018115942028985507,0.10144927536231883,0.03985507246376811,0.043478260869565216
Nithish Rana,27,39,4,0,12,4,7,93,0.2903225806451613,0.41935483870967744,0.04301075268817205,0.0,0.12903225806451613,0.04301075268817205,0.07526881720430108
Navdeep Saini,125,79,13,2,49,13,11,292,0.4280821917808219,0.2705479452054795,0.044520547945205484,0.00684931506849315,0.1678082191780822,0.044520547945205484,0.037671232876712334
Thisara Perera,196,279,54,3,113,28,31,704,0.2784090909090909,0.3963068181818182,0.07670454545454546,0.004261363636363636,0.16051136363636365,0.03977272727272727,0.04403409090909091
Nathan Counter Nile,211,187,30,2,84,20,36,570,0.3701754385964912,0.3280701754385965,0.05263157894736842,0.003508771929824561,0.14736842105263154,0.03508771929824561,0.06315789473684211
Oshane Thomas,12,27,2,2,9,1,5,58,0.20689655172413796,0.4655172413793103,0.03448275862068965,0.03448275862068965,0.15517241379310345,0.017241379310344827,0.08620689655172414
Parvinder Awana,254,266,56,2,106,34,39,757,0.33553500660501984,0.3513870541611625,0.07397622192866579,0.002642007926023778,0.14002642007926025,0.04491413474240423,0.05151915455746367
Prasidh Krishna,134,153,24,1,77,20,14,423,0.3167848699763593,0.3617021276595745,0.056737588652482275,0.0023640661938534283,0.182033096926714,0.047281323877068564,0.03309692671394799
Praveen Kumar,985,862,160,18,339,104,90,2558,0.3850664581704457,0.33698201720093823,0.06254886630179828,0.007036747458952306,0.1325254104769351,0.040656763096168884,0.035183737294761534
Pawan Negi,203,332,49,0,57,47,34,722,0.2811634349030471,0.4598337950138504,0.06786703601108034,0.0,0.07894736842105263,0.06509695290858726,0.047091412742382266
Pankaj Singh,100,104,17,5,52,17,11,306,0.32679738562091504,0.33986928104575165,0.05555555555555555,0.016339869281045753,0.16993464052287582,0.05555555555555555,0.03594771241830065
Parvez Rasool,56,93,12,0,22,11,4,198,0.2828282828282828,0.4696969696969697,0.060606060606060615,0.0,0.1111111111111111,0.05555555555555555,0.020202020202020204
Paul Valthaty,37,71,12,1,15,7,7,150,0.2466666666666667,0.4733333333333333,0.08,0.006666666666666667,0.1,0.04666666666666667,0.04666666666666667
Paul Collingwood,19,51,8,0,4,3,5,90,0.2111111111111111,0.5666666666666667,0.08888888888888889,0.0,0.04444444444444445,0.03333333333333333,0.05555555555555555
Pat Cummins,101,150,30,0,47,16,17,361,0.2797783933518005,0.4155124653739612,0.08310249307479224,0.0,0.13019390581717452,0.0443213296398892,0.047091412742382266
Pradeep Sangwan,263,307,62,1,117,43,35,828,0.3176328502415459,0.37077294685990336,0.0748792270531401,0.0012077294685990338,0.14130434782608695,0.051932367149758456,0.04227053140096618
Piyush Chawla,951,1298,237,9,303,171,149,3118,0.30500320718409235,0.41629249518922384,0.07601026298909558,0.002886465683130212,0.09717767799871713,0.054842847979474016,0.04778704297626684
Pragyan Ojha,578,848,133,7,146,96,89,1897,0.3046916183447549,0.4470216130732736,0.07011070110701106,0.003690036900369004,0.07696362677912494,0.050606220347917764,0.04691618344754876
Pravin Tambe,176,309,56,1,64,28,28,662,0.26586102719033233,0.4667673716012085,0.08459214501510574,0.0015105740181268882,0.09667673716012083,0.04229607250755287,0.04229607250755287
Ravichandran Ashwin,942,1401,174,9,199,121,125,2971,0.3170649612924941,0.4715583978458432,0.058566139347021214,0.003029283069673511,0.06698081454055874,0.04072702793672165,0.04207337596768765
Rajat Bhatia,365,891,108,5,120,68,71,1628,0.2242014742014742,0.5472972972972973,0.06633906633906632,0.003071253071253071,0.07371007371007371,0.04176904176904177,0.04361179361179361
Rishi Dhawan,133,239,44,1,51,16,18,502,0.2649402390438247,0.4760956175298805,0.08764940239043825,0.00199203187250996,0.10159362549800798,0.03187250996015936,0.035856573705179286
Ryan McLaren,104,134,27,2,69,10,12,358,0.2905027932960894,0.3743016759776536,0.07541899441340782,0.00558659217877095,0.19273743016759776,0.027932960893854747,0.0335195530726257
Riyan Parag,16,43,11,0,8,4,2,84,0.19047619047619047,0.5119047619047619,0.13095238095238096,0.0,0.09523809523809523,0.047619047619047616,0.023809523809523808
Ravi Rampaul,113,80,19,2,24,13,14,265,0.42641509433962266,0.3018867924528302,0.07169811320754718,0.007547169811320755,0.09056603773584904,0.049056603773584916,0.052830188679245285
Rahul Sharma,294,419,54,3,70,45,40,925,0.3178378378378378,0.452972972972973,0.05837837837837837,0.003243243243243243,0.07567567567567568,0.04864864864864865,0.04324324324324325
Rahul Tewatia,96,139,12,1,17,20,13,298,0.3221476510067114,0.4664429530201342,0.040268456375838924,0.003355704697986577,0.05704697986577181,0.06711409395973154,0.0436241610738255
Vinay Kumar,658,796,176,9,294,96,105,2134,0.3083411433926898,0.37300843486410495,0.08247422680412371,0.004217432052483599,0.13776944704779756,0.04498594189315839,0.04920337394564199
Ravindra Jadeja,706,1155,193,7,198,131,108,2498,0.28262610088070456,0.4623698959167334,0.07726180944755805,0.002802241793434748,0.07926341072858288,0.05244195356285028,0.04323458767013611
Rahul Tripathi,0,4,0,0,2,0,0,6,0.0,0.6666666666666666,0.0,0.0,0.3333333333333333,0.0,0.0
Rashid Khan,388,455,48,2,90,46,55,1084,0.3579335793357933,0.41974169741697415,0.044280442804428034,0.0018450184501845016,0.08302583025830257,0.04243542435424354,0.0507380073800738
Rahul Chahar,124,138,11,0,23,19,15,330,0.3757575757575757,0.41818181818181815,0.03333333333333333,0.0,0.0696969696969697,0.05757575757575757,0.045454545454545456
Rohit Sharma,73,172,31,3,27,14,15,335,0.21791044776119406,0.5134328358208955,0.09253731343283582,0.008955223880597015,0.08059701492537312,0.041791044776119404,0.04477611940298507
Ryan Harris,319,262,60,4,119,27,45,836,0.3815789473684211,0.3133971291866029,0.07177033492822966,0.004784688995215311,0.1423444976076555,0.03229665071770335,0.05382775119617225
Robin Peterson,18,14,3,0,5,5,3,48,0.375,0.2916666666666667,0.0625,0.0,0.10416666666666667,0.10416666666666667,0.0625
Ryan ten Doeschate,20,48,6,0,4,3,2,83,0.24096385542168675,0.5783132530120482,0.07228915662650602,0.0,0.04819277108433735,0.03614457831325301,0.024096385542168683
RP Singh,654,628,124,8,253,69,90,1826,0.35815991237677985,0.343921139101862,0.06790799561883899,0.004381161007667032,0.13855421686746988,0.03778751369112815,0.049288061336254116
Ramesh Powar,153,175,29,4,41,18,13,433,0.3533487297921478,0.4041570438799077,0.06697459584295612,0.009237875288683604,0.09468822170900693,0.04157043879907621,0.030023094688221712
Ravi Bopara,50,98,12,0,25,10,11,206,0.2427184466019417,0.4757281553398058,0.05825242718446603,0.0,0.12135922330097088,0.04854368932038835,0.05339805825242718
Rohan Gavaskar,2,2,1,0,1,0,0,6,0.3333333333333333,0.3333333333333333,0.16666666666666666,0.0,0.16666666666666666,0.0,0.0
Sreenath Aravind,245,300,40,2,105,38,45,775,0.3161290322580645,0.3870967741935484,0.05161290322580645,0.0025806451612903226,0.13548387096774195,0.04903225806451613,0.05806451612903226
Samuel Badree,98,94,12,0,28,14,11,257,0.3813229571984436,0.3657587548638132,0.04669260700389105,0.0,0.10894941634241244,0.05447470817120623,0.04280155642023346
Sam Curran,48,81,23,0,31,12,10,205,0.23414634146341465,0.3951219512195122,0.11219512195121953,0.0,0.15121951219512195,0.05853658536585366,0.04878048780487805
Shikhar Dhawan,13,18,1,0,7,3,4,46,0.2826086956521739,0.39130434782608703,0.021739130434782608,0.0,0.15217391304347827,0.06521739130434782,0.08695652173913042
Shivam Dube,3,8,0,0,0,0,0,11,0.2727272727272727,0.7272727272727273,0.0,0.0,0.0,0.0,0.0
Shreyas Gopal,167,262,39,2,38,39,38,585,0.28547008547008546,0.4478632478632479,0.06666666666666668,0.0034188034188034192,0.06495726495726496,0.06666666666666668,0.06495726495726496
Siddharth Kaul,259,432,69,0,126,51,49,986,0.26267748478701824,0.4381338742393509,0.06997971602434078,0.0,0.12778904665314406,0.05172413793103448,0.04969574036511156
Shivil Kaushik,62,85,14,0,25,14,6,206,0.3009708737864077,0.41262135922330095,0.06796116504854369,0.0,0.12135922330097088,0.06796116504854369,0.029126213592233014
Scott kuggeleijn,15,19,5,0,6,3,2,50,0.3,0.38,0.1,0.0,0.12,0.06,0.04
Sandeep Lamichhane,62,86,10,0,21,17,13,209,0.2966507177033493,0.4114832535885167,0.04784688995215311,0.0,0.10047846889952153,0.08133971291866028,0.062200956937799035
Shivam Mavi,56,68,9,0,22,16,5,176,0.3181818181818182,0.3863636363636364,0.05113636363636364,0.0,0.125,0.09090909090909093,0.028409090909090905
Shadab Nadeem,372,607,76,6,98,66,42,1267,0.2936069455406472,0.4790844514601421,0.05998421468034727,0.004735595895816891,0.07734806629834254,0.05209155485398579,0.03314917127071823
Suraj Randiv,54,79,14,2,20,5,6,180,0.3,0.4388888888888889,0.07777777777777778,0.011111111111111113,0.1111111111111111,0.027777777777777776,0.03333333333333333
Sherfane Rutherford,6,29,4,0,4,1,1,45,0.13333333333333333,0.6444444444444445,0.08888888888888889,0.0,0.08888888888888889,0.022222222222222227,0.022222222222222227
Sandeep Sharma,67,120,22,0,29,12,12,262,0.25572519083969464,0.4580152671755725,0.08396946564885496,0.0,0.11068702290076336,0.04580152671755725,0.04580152671755725
S Sreesanth,359,299,56,4,128,39,40,925,0.3881081081081081,0.3232432432432432,0.06054054054054054,0.004324324324324324,0.13837837837837838,0.04216216216216216,0.04324324324324325
Sudeep Tyagi,87,63,12,0,34,12,6,214,0.4065420560747664,0.294392523364486,0.05607476635514018,0.0,0.1588785046728972,0.05607476635514018,0.02803738317757009
Sachin Warrior,27,29,3,0,8,3,2,72,0.375,0.4027777777777778,0.04166666666666666,0.0,0.1111111111111111,0.04166666666666666,0.027777777777777776
Sean Abott,6,15,2,0,8,1,0,32,0.1875,0.46875,0.0625,0.0,0.25,0.03125,0.0
Surya Kumar Yadav,2,2,1,0,1,0,0,6,0.3333333333333333,0.3333333333333333,0.16666666666666666,0.0,0.16666666666666666,0.0,0.0
Sachin Baby,3,4,0,0,1,0,2,10,0.3,0.4,0.0,0.0,0.1,0.0,0.2
Sandeep Sharma,566,503,96,5,199,67,83,1519,0.3726135615536537,0.33113890717577354,0.06319947333772219,0.003291639236339697,0.13100724160631996,0.044107965766951945,0.054641211323238965
Sanjay Bangar,51,53,10,1,24,7,4,150,0.34,0.3533333333333333,0.06666666666666668,0.006666666666666667,0.16,0.04666666666666667,0.02666666666666667
Shadab Jakati,290,491,88,7,97,60,47,1080,0.2685185185185185,0.4546296296296296,0.08148148148148149,0.006481481481481481,0.08981481481481482,0.05555555555555555,0.04351851851851852
Scott Styris,75,92,12,0,19,14,8,220,0.3409090909090909,0.41818181818181815,0.054545454545454536,0.0,0.08636363636363636,0.06363636363636363,0.03636363636363636
Sourav Ganguly,65,140,18,1,25,14,10,273,0.2380952380952381,0.5128205128205128,0.06593406593406594,0.0036630036630036634,0.09157509157509157,0.05128205128205128,0.03663003663003663
Shane Bond,66,72,13,0,27,3,9,190,0.3473684210526316,0.37894736842105264,0.06842105263157895,0.0,0.14210526315789473,0.015789473684210527,0.04736842105263158
Shahid Afridi,48,81,13,0,19,7,9,177,0.2711864406779661,0.4576271186440678,0.07344632768361582,0.0,0.10734463276836158,0.03954802259887006,0.05084745762711865
Shakib Al Hasan,396,618,87,2,109,69,59,1340,0.2955223880597015,0.4611940298507463,0.06492537313432836,0.0014925373134328358,0.08134328358208955,0.05149253731343283,0.04402985074626865
Shivam Sharma,33,47,11,0,9,10,4,114,0.2894736842105263,0.412280701754386,0.09649122807017543,0.0,0.07894736842105263,0.08771929824561403,0.03508771929824561
Shoaib Ahmed,28,41,5,1,14,7,5,101,0.27722772277227725,0.405940594059406,0.049504950495049514,0.0099009900990099,0.13861386138613865,0.06930693069306931,0.049504950495049514
Shoaib Akhtar,18,12,3,0,6,2,5,46,0.39130434782608703,0.2608695652173913,0.06521739130434782,0.0,0.13043478260869565,0.043478260869565216,0.10869565217391304
Shoaib Malik,13,23,8,0,7,3,2,56,0.23214285714285715,0.4107142857142857,0.14285714285714285,0.0,0.125,0.05357142857142857,0.03571428571428571
Suresh Raina,255,467,44,5,71,44,25,911,0.27991218441273324,0.5126234906695939,0.048298572996706916,0.005488474204171241,0.07793633369923161,0.048298572996706916,0.0274423710208562
Siddharth Trivedi,427,682,133,7,151,51,65,1516,0.2816622691292876,0.44986807387862804,0.08773087071240106,0.004617414248021108,0.09960422163588392,0.03364116094986808,0.042875989445910284
Shane Warne,369,528,100,5,92,56,57,1207,0.30571665285832644,0.4374482187241094,0.08285004142502071,0.004142502071251036,0.07622203811101906,0.0463960231980116,0.047224523612261815
Lasith Malinga,974,1144,199,7,312,85,170,2891,0.3369076444136977,0.3957108267035628,0.0688343133863715,0.0024213075060532693,0.10792113455551712,0.02940159114493255,0.0588031822898651
Scott Boland,12,18,3,0,6,1,2,42,0.2857142857142857,0.42857142857142855,0.07142857142857142,0.0,0.14285714285714285,0.023809523809523808,0.047619047619047616
Shaun Pollock,119,93,14,2,30,9,11,278,0.42805755395683454,0.3345323741007194,0.05035971223021583,0.007194244604316547,0.1079136690647482,0.03237410071942446,0.039568345323741004
Sachitra Senanayake,64,87,9,2,17,5,9,193,0.3316062176165803,0.4507772020725389,0.046632124352331605,0.010362694300518135,0.08808290155440414,0.02590673575129533,0.046632124352331605
Sarfraz Khan,0,0,1,0,1,0,0,2,0.0,0.0,0.5,0.0,0.5,0.0,0.0
Shardul Thakur,227,264,53,6,105,42,36,733,0.3096862210095498,0.3601637107776262,0.0723055934515689,0.008185538881309686,0.1432469304229195,0.0572987721691678,0.04911323328785812
Sohail Tanvir,99,86,15,0,27,7,22,256,0.38671875,0.3359375,0.05859375,0.0,0.10546875,0.02734375,0.0859375
Sunil Narine,916,1018,176,6,220,92,122,2550,0.3592156862745098,0.3992156862745098,0.06901960784313725,0.002352941176470588,0.08627450980392158,0.03607843137254902,0.04784313725490196
Steven Smith,0,1,0,0,1,0,0,2,0.0,0.5,0.0,0.0,0.5,0.0,0.0
Sachin Tendulkar,4,22,3,0,6,1,0,36,0.1111111111111111,0.6111111111111112,0.08333333333333333,0.0,0.16666666666666666,0.027777777777777776,0.0
Shane Watson,711,781,133,6,292,74,92,2089,0.34035423647678315,0.3738630923887027,0.0636668262326472,0.002872187649593107,0.13977979894686454,0.03542364767831498,0.0440402106270943
Sowmya Sarkar,3,16,1,0,4,0,1,25,0.12,0.64,0.04,0.0,0.16,0.0,0.04
Sanath Jayasuriya,70,154,21,0,22,16,13,296,0.2364864864864865,0.5202702702702703,0.07094594594594594,0.0,0.07432432432432433,0.054054054054054064,0.04391891891891892
Stuart Binny,177,268,47,3,76,14,22,607,0.2915980230642504,0.4415156507413509,0.07742998352553541,0.0049423393739703465,0.12520593080724876,0.023064250411861616,0.036243822075782535
Sunny Gupta,0,11,1,0,4,3,0,19,0.0,0.5789473684210527,0.05263157894736842,0.0,0.21052631578947367,0.15789473684210525,0.0
Shaun Tait,177,191,32,1,70,12,23,506,0.349802371541502,0.3774703557312253,0.06324110671936757,0.001976284584980237,0.1383399209486166,0.023715415019762844,0.045454545454545456
Swapnil Singh,9,38,6,0,1,6,1,61,0.14754098360655735,0.6229508196721312,0.09836065573770493,0.0,0.016393442622950817,0.09836065573770493,0.016393442622950817
Tom Curran,9,28,6,0,6,9,6,64,0.140625,0.4375,0.09375,0.0,0.09375,0.140625,0.09375
T Natarajan,22,38,4,1,9,5,2,81,0.2716049382716049,0.4691358024691358,0.04938271604938271,0.012345679012345678,0.1111111111111111,0.061728395061728385,0.02469135802469136
Tarbaiz Shamsi,23,39,7,0,13,7,3,92,0.25,0.4239130434782609,0.07608695652173914,0.0,0.14130434782608695,0.07608695652173914,0.03260869565217391
Trent Boult,252,282,48,3,125,38,38,786,0.32061068702290074,0.3587786259541985,0.06106870229007633,0.0038167938931297713,0.15903307888040713,0.04834605597964377,0.04834605597964377
Tim Southee,300,327,71,9,135,42,28,912,0.32894736842105265,0.3585526315789473,0.07785087719298246,0.009868421052631578,0.14802631578947367,0.046052631578947366,0.030701754385964914
Tirumala Setty Suman,37,75,15,0,8,10,6,151,0.24503311258278146,0.4966887417218543,0.09933774834437084,0.0,0.052980132450331126,0.06622516556291391,0.039735099337748346
Tilakaratne Dilshan,74,137,14,1,27,15,5,273,0.27106227106227104,0.5018315018315018,0.05128205128205128,0.0036630036630036634,0.0989010989010989,0.054945054945054944,0.01831501831501832
Travis Head,5,27,6,0,3,5,2,48,0.10416666666666667,0.5625,0.125,0.0,0.0625,0.10416666666666667,0.04166666666666666
Tymal Mills,36,37,6,1,15,6,5,106,0.33962264150943394,0.3490566037735849,0.05660377358490566,0.009433962264150943,0.14150943396226415,0.05660377358490566,0.04716981132075472
Umar Gul,39,59,13,0,16,5,12,144,0.2708333333333333,0.4097222222222222,0.09027777777777778,0.0,0.1111111111111111,0.034722222222222224,0.08333333333333333
Umesh Yadav,822,929,152,15,381,111,119,2529,0.3250296559905101,0.36733886911822855,0.060102807433768286,0.005931198102016607,0.1506524317912218,0.043890865954922885,0.04705417160933175
Varun Chakravarthy,7,3,1,0,3,3,1,18,0.3888888888888889,0.16666666666666666,0.05555555555555555,0.0,0.16666666666666666,0.16666666666666666,0.05555555555555555
Virat Kohli,48,145,28,0,24,11,4,260,0.18461538461538465,0.5576923076923077,0.1076923076923077,0.0,0.09230769230769233,0.04230769230769231,0.015384615384615384
Veer Pratap Singh,61,80,13,2,31,10,10,207,0.2946859903381642,0.3864734299516908,0.06280193236714976,0.00966183574879227,0.1497584541062802,0.04830917874396135,0.04830917874396135
Virender Sehwag,38,54,4,0,18,16,6,136,0.2794117647058824,0.3970588235294117,0.029411764705882356,0.0,0.1323529411764706,0.1176470588235294,0.04411764705882353
Vijay Shankar,21,43,6,0,14,6,2,92,0.22826086956521735,0.4673913043478261,0.06521739130434782,0.0,0.15217391304347827,0.06521739130434782,0.021739130434782608
Varun Aaron,320,335,56,8,142,46,42,949,0.33719704952581664,0.3530031612223393,0.05900948366701793,0.008429926238145416,0.14963119072708114,0.048472075869336134,0.044257112750263436
VRV Singh,102,142,31,3,58,15,12,363,0.2809917355371901,0.3911845730027548,0.08539944903581267,0.008264462809917356,0.15977961432506887,0.04132231404958678,0.033057851239669415
Washington Sundar,112,154,14,0,30,24,16,350,0.32,0.44,0.04,0.0,0.08571428571428573,0.06857142857142857,0.045714285714285714
Wayne Parnell,215,211,37,0,80,11,26,580,0.3706896551724138,0.3637931034482759,0.06379310344827586,0.0,0.13793103448275862,0.01896551724137931,0.04482758620689655
Yusuf Pathan,351,548,56,4,99,57,42,1157,0.30337078651685395,0.4736387208297321,0.048401037165082116,0.003457216940363008,0.08556611927398444,0.049265341400172864,0.03630077787381159
Yuzvendra Chahal,539,789,121,6,135,119,100,1809,0.2979546710889994,0.4361525704809287,0.06688778330569375,0.003316749585406302,0.07462686567164177,0.06578220011055833,0.055279159756771695
Yuvraj Singh,222,435,74,4,59,41,36,871,0.25487944890929964,0.4994259471871412,0.08495981630309989,0.004592422502870264,0.0677382319173364,0.047072330654420215,0.04133180252583238
Zaheer Khan,771,813,145,9,312,64,102,2216,0.3479241877256318,0.3668772563176895,0.06543321299638989,0.004061371841155234,0.1407942238267148,0.02888086642599278,0.046028880866426
